PC1,PC2,PC3,PC4,PC5,PC6,PC7,PC8,PC9,PC10,PC11,PC12,PC13,PC14,PC15,PC16,PC17,PC18,PC19,PC20
3.2435492232983014,0.1135415415638485,0.615534557877713,0.5815409648749817,-0.7782279116865956,-0.4756309570590962,-0.22255453454154,0.9124487007312246,1.3628557057092898,-0.1909810737212683,-0.1651301864615106,0.0059706993973422,0.3049200599059681,-0.0847382590147168,0.3624717356384285,0.2067337767625672,0.0314901072279432,-0.0862503574881029,-0.6046861027603351,0.2119094084527466
0.7302356424987659,0.2318409079745245,1.1014256723573383,-0.2906493877562252,-0.8643648633523899,-0.2745303565135391,0.187808814398071,1.3402393610684131,0.4296250528007961,0.1117977450098387,0.3184214921072942,-0.0951665631395204,0.0527559736835459,-0.3286480650162671,-0.5124428962234426,0.8563806534204121,-0.0023936652204409,-0.2717609742885415,-0.1247867445008121,0.0936717884725603
-2.882846738589933,-0.543949342198016,0.1900906812733788,0.3725295744414125,0.2991754543223785,0.2221234527091598,0.345231360486281,-0.7635741643921492,0.6513057778978076,0.136385789900833,-0.1723500268727407,-0.1088791151953349,-0.5675835849990455,0.5612517230222664,-0.6284713734466605,0.0010421927944795,-0.1131655474806465,0.3360060007230113,-0.1274753367569775,0.1756923302960724
0.0165858319698543,-1.4144908113306378,-0.5030679050504412,-0.0275677991061839,-0.3940804666756584,0.7359965450503712,-0.7728464068014699,0.0137191394294199,-0.1759265768975302,-0.4094553049170536,-0.518580304841564,-0.5463077577869249,0.6755909433333456,0.1915388657721132,-0.0144393094464026,0.3847712680026345,-0.1894076074510812,0.216425492462034,-0.5129273552006179,-0.3389732580139293
0.6384833404424636,-0.0858637466796453,0.3372637300775867,-0.7521991316774609,-1.3452141903713135,0.4875749490483171,0.8239386956530095,0.6710109205826815,-0.2540562197200454,-0.5363183536803153,0.7815276237178407,-0.1731486437855036,-0.385617645481661,-0.5697235218487053,-0.2621931245511813,-0.5267066511744736,-0.5554317830235278,0.2337717130696862,-0.2820400261240162,-0.1180677163350463
-0.372957099619858,-2.846474217007477,-1.2996408839670544,0.4422598453457583,-1.1932804881000028,0.3911510696315019,0.2330356345282832,-0.5282419277741193,-0.1321505064209529,-0.2678255767924216,0.0657574238200042,0.7963873341189495,-0.0800092236542217,0.3042940972711391,-0.5833073598966659,-0.1291440079021039,-0.3359907011180469,0.5462048793893223,-0.1479579427624485,-0.3964859656754115
-1.1867314440967007,0.4979553924353518,-0.1928332495319652,-0.1889747026284548,1.5681652796562326,1.0223368250289129,-1.2496445345081983,1.08951322988085,-0.9614038908524404,-0.3782924324785482,-0.4284733518410884,0.0497399703102983,0.0190575698845194,-0.2212771952509966,-0.3439882198178998,0.1661720581891314,0.2075100521968817,-0.2443738008240569,0.127076184787905,0.0684283607994272
1.8754274288183397,-1.7317849212306236,-0.1539843000927197,0.1166754871709336,0.8000534221849936,0.0308844785806374,0.4327495563417508,0.0545205617035969,0.407719357724407,-0.527281852293646,-0.1112931713084989,-0.0391260169609847,0.3898815606529644,0.1132844962263553,-0.3064543717691826,-0.3243801268798741,0.0203370139644673,-0.7062501182021639,-0.3726484313991769,0.0217010772471391
2.672119114680293,-0.6673635397032471,-1.69860586659236,-0.8487641420518285,-0.2075148149201592,0.6353766321120411,0.2423408293144107,-0.2716344242872592,0.3595415672837116,0.2926474822239291,-0.3095439163910699,0.4102827365656007,0.2856559191104709,0.420509427920839,-0.1940777049582442,-0.0009654824383189,-0.1445010160274826,0.2111458751800953,-0.2107357385928765,-0.2646526031603674
-0.5529666762986911,1.4869037534227398,-0.3986328629642096,-0.25916705757072,0.1832082801223865,0.676125512611596,-0.2572743147021128,-0.1421867343150417,0.3243963272202864,-0.443794778850186,-0.0513613900613227,-0.8778835913560181,0.3230491282506299,-0.0893704349469094,0.2526758806149409,0.7442564177239702,-0.776209440750257,-0.5851512475554677,0.0645133239921913,1.0416163031951997
1.9277547474512116,1.5916318144773107,-0.3219486493706524,-1.912887242286524,1.9941820980972176,0.3109756864660553,0.3452378457950594,-0.6491566306654563,-0.3715012344874445,0.0653290040434442,-0.8126007583944594,0.0825143004330327,0.4559448898829027,-0.3492047119501125,0.2005163901212685,0.3343283960919667,0.3340752071072269,-0.8879035155149645,-0.8267380676794751,-0.1883680204580453
1.4504740779080447,0.0143078544586029,1.0808012429039948,-0.622627547065148,1.3776677927509924,-0.5666914751200309,-0.259988007621564,-0.1077571406370897,0.056353210277357,0.8317621404883065,0.2022056691413135,-0.6661655726860716,-0.1000255173473993,-0.2418727819516317,0.2018577156399946,-0.3731157846212384,-0.3278700785149184,-0.1001412506099725,-0.0916173586815839,0.0896452205544763
-1.755800022189922,2.1844550557173403,-0.3087066841518716,0.9978212546560528,-0.1019589070454043,0.2242145118869587,-0.0685592785482337,-0.211460859387694,0.2578320301810631,0.3697039745622251,0.0026437378715301,0.6347479231520664,0.5886501381964327,0.3436261729956912,-0.8095694204830366,0.3268245339248223,0.5757119875174523,1.0044580255633138,0.0009823122900732,0.719171019479415
0.9229330125609404,0.298429585770598,0.8544360241773774,0.0824486957449795,-0.690514907268811,-0.4392804475939824,0.7481179251731446,-0.2251937484085933,-1.0453473197061236,0.7386008195744573,0.7772702481893008,-0.0394879003627603,0.6696292524966647,0.1707656406497814,-0.4365822986029639,0.0885116409035925,-0.24421446553724,-0.3781102288888526,-0.4357310585838013,-0.3491145061682053
1.238108131856458,1.4287752545289985,-0.0773809950540437,0.0181194633716152,-1.0145574581977537,-0.1713800366976852,0.9791996772378536,-0.5423423197270991,-0.0495464279315779,-0.0098243205348922,0.749129999237972,0.6414930890940512,0.6320100930075432,0.1324450719556437,-0.0628852608899607,0.3012777584966353,-0.5482797897444533,0.1176783329730277,0.2993458560888489,0.5978227969472532
-0.5700418777809452,-0.4875910804294457,-0.4846159273725694,-1.0936716232732364,0.1442565704763314,-1.2249076311391125,0.7113362735991079,0.8657663527740683,0.3095286907965221,0.1686935277194207,0.283257079755852,1.0429130521272667,-0.1582914185917356,-0.1659148572168235,-0.1143102929772572,0.2177072773207335,-0.4753296015388059,0.0205317850916583,-0.5109326977146457,0.0622422151034575
1.7247225145054932,0.4621663811521144,-2.158256200044638,0.7765993542665827,0.4112842262306903,-1.2784674848125095,0.7433387980934639,-0.1383760817418318,0.413273753524956,-0.3231586037552318,0.0230539294035715,0.4074592051715444,-0.4681645276347879,-0.1925334673613701,-0.0575343708576098,0.1500844773279244,-0.0294518686918035,-0.0861279574173473,-0.1468206492967778,0.0162242936045354
-0.3269702652440082,-0.428072116445634,0.449304082883141,-0.9567169531829206,-0.3377728981305739,-0.4745934589085263,0.633932633256504,-0.1151016780478184,0.8543875457039666,-0.0035969735545608,0.0428359065855583,0.4819594875238338,-0.6600921368217241,0.9563805077060732,0.1327888217641277,0.0920035486419779,-0.5357490243423958,-0.1734430468789506,0.3264715783033885,-0.0101071336417454
0.6605805896860572,2.034151414041282,0.0144453066745253,-0.8152157990757951,0.8277041202058298,0.7497652648723195,-0.8034395637563307,-0.6281117813790108,0.217519653627535,-0.2165892029200627,-0.1327550291951912,-0.2489300732107401,-0.95864015255742,0.071959529705274,-0.4769355819216406,0.3926231698785256,-0.8838923949818517,-0.017168312497556,0.5698412377251026,-0.0522784871808232
-1.1307387562625482,-1.239486752838267,-0.8796415197513698,0.5947004215921062,-0.4649343290824263,0.1595642528608807,0.8145206341164077,-0.2846262561160157,0.711735367693552,0.054994946441508,0.3032144059782465,0.5624060152142852,-0.5086333249804045,0.1009663727961455,-0.3221153743528321,-0.6121581737448597,0.2030202641705086,0.2603172399025335,0.4989840442771922,-0.013942608210233
-1.4748295410170835,1.1078160888295696,-1.5576390561517803,1.032402032876995,0.1822695399535025,-0.4264204984209545,0.4723521494664068,-0.4802448635705393,-0.1127657636695268,-0.0190664693066347,0.4942101307147455,0.324828722660864,-0.1656210204972402,0.0616447268465547,0.1721789566489497,0.2725285108820104,0.9683889545221598,-0.3154582353462815,0.3174406900601743,0.5489546837904439
-0.8841434754231714,-2.045079596457605,-0.982596450048307,0.913455660345474,-1.0290039331615517,0.7026336476623701,0.214989104010086,-0.0040033455389426,-0.146932214671601,-1.2228258338389402,0.0618462237828953,0.4949330099488256,-0.2865294976340576,0.0939413600462072,-0.8390503776822432,-0.6426276500222305,-0.052859825660765,-0.0106757855145034,-0.2167102214507533,0.226920828409257
0.5324388259567279,-0.5817295572960821,-0.2618246585872337,-2.23340292906719,1.4273025487576692,-0.320001563603445,0.2050173501131204,-0.0099300807824932,-0.0822354497739347,0.0133305903220561,0.2666880911206983,-1.0454784894056302,0.1596522881168519,-0.6856723242501496,-0.0415777934553145,-0.5649509373172017,-0.0814337947603547,-0.0413203463237287,0.2091912856261195,-0.0211428513529717
3.148087745333921,0.2231260637892293,-0.8794022276970223,-0.5237530851546063,0.3909492354585918,1.2448546448341884,-1.3567930788305274,-0.7438588909535836,-0.4989193814084273,0.052860549799183,0.3254678396299046,0.006021230365905,-0.1984472976880366,0.1992657871482248,-0.3341302205836162,-0.2144832006296217,-0.0091676640581084,0.0608153323337567,0.6864363883897571,-0.1223365662757582
-1.6801550619843897,1.7308688826906304,-0.6213784803881378,0.4381141773391287,-0.246851914991961,0.273456308563532,-0.2656251115793845,-0.3472117505791453,-0.009390370998204,-0.2473181376797567,-0.4397525554408005,-0.1612223914470224,-0.8435481883760377,0.3834815910859526,0.3393609150012595,0.2861668451083619,0.0544398966353067,0.2452651019154909,-0.2280033827085441,-0.1818420795257364
-1.61121602713871,1.0793514008842284,-0.9096085419481188,-0.6897227486901905,0.0433137943522023,-0.7124656045221754,-0.6009017207450333,-0.2744917214393456,0.3608719833124215,0.4369778667008772,-0.0463225610737472,0.1745657172481365,0.2791924346370576,-0.649746920799811,0.5251507252631913,0.0500305824441902,-0.0895582170167371,-0.0742812678355295,-0.0652868180640539,-0.0634466291470827
0.7450336096161985,1.2044169555511604,0.9354974763781062,-0.49270642292897,-1.4988458772098503,0.5534255699644526,0.0310107270730105,-0.2592414481240606,0.4747583712261811,0.7218488705195555,-0.9704127649513932,-0.0893719205079818,-0.1050256863841196,0.3660769558861262,-0.4053151360210729,-0.2725322424584531,0.510786044172244,-0.1664255951089167,-0.2356583893892666,-0.0084916387192665
1.8450806306649827,-0.9738730429617608,1.2357469387323188,0.1421860775023286,-1.2477684013095809,-1.055653122123941,-0.8447094134534068,0.4028601603916283,-0.4521567815843567,0.1779919311804171,-0.477474564225156,-1.238736327132442,-0.1576981273029055,-0.1264700505700399,-0.3424798970606807,-0.678010775648505,-0.3157599112940484,-0.0525342107159881,-0.0429560463570675,-6.7504406346995e-05
-0.91691258314942,-1.2419091301098375,-0.6768908201535203,2.757548240619888,0.7593551172455572,-1.5383766382284945,0.7466952864661062,0.3615000562436983,0.1218318001723156,-0.0273945824663073,0.5470538376009352,0.4652705034325996,-0.4505198319155478,0.2183497227480065,-0.5377082282362475,0.1311502741472633,-0.4740249385249233,-0.0169649703121413,-0.3374108544572302,0.1817971600040483
-1.1740274949537033,-1.2085247974479418,-1.2239176048874327,-0.4249766887539236,-0.2912265307126319,-0.7474764970641574,-0.2863432922222804,0.5940866060428829,0.8224874653483069,-0.3397647174739004,0.3334329342332773,0.0216376336218705,0.3935567978154496,-0.3684681253741549,0.2612075113323729,0.6421261974758578,0.066505226080955,-0.3620725998958565,-0.4359895373753386,-0.0013097642590233
-0.0631097121496249,-1.6167812538538566,-1.2401644930163922,-1.4114958653643892,-0.6112918263638711,1.0681979777781356,0.3344163772496666,0.0106727685675636,0.5153149755451746,-0.1270312998627288,0.4428947758167925,-0.5966643207841564,0.6979351885207287,-0.1165819548856437,0.4300666547438057,0.5624822353017576,0.1644824603732472,0.1792217833430008,-0.0287438448796703,-0.2417281393947681
-2.0698094186321594,0.5897336447586191,-0.6051663308705453,0.2255726234463667,0.2072380893898925,0.1224676595878904,0.499809255143566,0.5581875119848554,-0.4779775042168371,0.5254738662993006,-0.7146590175012664,0.0747415993784323,-0.3828304566066806,0.8614739745142417,0.047509869205645,-0.3618159456685899,-0.5065589326860942,-0.2343393039467011,-0.1362604642702631,-0.0686022223380491
-0.975158920350436,0.2314331259001011,-0.1162308550845981,0.2554321414521642,-0.9157070511132396,0.9907039767348894,0.3990899914443084,-0.0861965337796031,-1.1499392323082234,0.3445302408336088,1.3321559187615175,-0.017971900209148,0.1391686866733867,-0.280700231651843,0.0854083223061204,0.4294076545654568,-0.1955602361721556,0.4636322462060927,-0.2447232845027958,0.3785371648584973
-0.7746907211389791,0.0721578468248131,1.6553695632440113,-0.756518902864689,-0.1937965250442598,-0.2166803598613041,-0.6062949258475907,-0.1232206475727139,-0.2272654316976705,-0.0556910251430196,-0.7096155228038634,0.932527854221464,-0.0770016774180844,-0.1348223119586789,-0.7288177694513945,0.5195638289812462,-0.0250943168823727,-0.4147500939939048,0.4476942187028952,-0.2823697330729056
0.3897377661812195,2.18431963540879,1.0619778753024685,-0.175367599709982,-0.8300131126104613,0.1561133743185115,0.1804201688319994,-0.5915088119788368,-0.452400075133301,-0.6941883885946797,0.2707728513886108,-0.4999216607519806,0.5927210303197258,-0.1792012042276391,-0.1953187312639529,-0.3055903267142794,0.2874409066939999,0.6605926541478095,0.1842319069086612,-0.4197747650018668
0.261184618986478,1.1955539508023618,-0.6861867824500052,0.7477604657024329,-0.2389203786554798,0.3060053180119023,-1.2729391896098987,-0.0671795018244957,0.374754884015039,0.9150037722682496,-0.3987953347734446,-0.093269997153372,0.3786158026638363,-0.2395622476203832,-0.0452638707010996,-0.4785118436891428,-0.0419128881473643,-0.4052286253698622,-0.1596570946190209,0.0100897709080999
-1.247555664800427,1.2783234377799697,-0.1440838901955144,0.1544098632189047,-0.6193495312169821,0.3570546848232961,-0.5204008088727657,-0.5375701674463159,0.0844389758950616,-0.121641071852802,0.6569607720183503,-0.1066692778552081,-0.7444121045544178,0.4071165977559174,0.5611039782156646,0.0344887328049185,-0.2659624296229885,-0.2231924687510038,-0.2195140671434522,-0.2335041822443044
1.4930849831765802,0.668039711332115,-0.9183989892941358,-0.3761858172282087,-1.030555041583829,-0.9816232459485232,-0.0639131456226669,0.761266763716899,0.4480729862557982,-0.4389441506459549,-0.2708700998367759,0.7258863256743194,0.9959771790181152,0.6045595132293904,-0.4512654347390439,0.4977964823572126,-0.3590756399462029,-0.1573182379424914,-0.1693140370349289,-0.2857156350941066
-2.161648958108326,-0.7440399608282824,-0.4910082835099625,-0.2502452269069696,1.1572488708917696,0.4576368971787652,0.3957351417774044,-0.5123186990611921,-0.043343202897902,-0.3929647202562256,0.0928480711578484,-0.4640296536427615,0.9360230561383516,-0.0122932422575503,0.0917811836046189,0.1577949436980878,0.4958184291907265,0.4096358119183883,0.3633943344112828,-0.3314888550518542
0.0539195677856782,-0.2228403889530092,1.876919157800209,0.1915496748300059,-0.2734531438474752,-0.7058811679910414,-0.6642985885337324,0.3047506499124456,0.3646485652814675,-0.6770923409862147,-0.368739985258078,0.0498052348310517,0.0162894006283669,-0.392185861082173,-0.294051088554281,0.34478340197855,0.2796578627099153,0.1549791102176279,0.3838073836785138,-0.0966057290922328
0.1244285768109874,-0.3944865496081838,0.9987238355242738,-0.6815870356472395,1.5631887366790955,0.1069259080873779,-0.0506499410917537,-0.2093153624385947,0.7365045306286017,-0.3042043014053947,-0.2192689973147398,-0.5531753489741833,0.2397922251542618,0.0542010238298254,-0.2021568767779861,-0.0836747366278771,0.3993778603929598,0.0088567121077002,-0.1537069295001223,0.050914634727207
1.3746561697745057,0.4255607275986147,0.207636619174851,-0.1971280681098443,-1.7419885952035603,0.6480363527373328,0.6491163847656616,0.1532614705288282,0.4333484385539389,-0.8898390472071693,-0.6868229155316785,-0.1810227666358597,-0.2546464860314013,-0.555477849395308,-0.0747892406149206,-0.2311054374330579,-0.002542697629714,0.5716902743003711,-0.2899708017365038,-0.0273486687250294
0.3051314709824965,-0.7205992808604086,-1.479661808960631,-1.5030622468009458,-0.8062621184594014,-0.8959479691074049,0.1958581323016271,0.2361242493704402,-0.6247574740107719,0.2306719908372472,0.655972516772923,-0.6502620713612869,0.3987606990994026,0.2803225956459662,-0.7191741635554374,-0.4440305582273946,0.0191647660191578,0.0687003209159819,0.3709118152346251,-0.4497455717435885
-1.1471190923684451,0.7656946237662654,0.0669854815957891,-0.4103694892690256,-0.2163782502935788,-0.0164094382762693,0.2998473939923509,0.4554274542185048,-0.130983961828683,0.8193145458111435,-0.3504377387739,-0.7165527709722659,-0.5868403887951976,0.3987142750315935,0.6500793224885993,0.3075209980371507,-0.1263750009341309,0.026278723815413,-0.1490319267145742,-0.0208821455859658
0.131093332094866,0.8375103230627449,-0.4661491911684698,0.0091618954049815,-0.1485391043052525,-1.3302121183708044,-0.2273426837574196,-0.461359608284235,0.15225684517702,-0.4984980409635794,0.1379459991916528,0.1597306212771857,-1.1555423695564149,0.7327730172206744,0.1157362259462266,0.4002129321027666,0.1997991181592718,0.0331151020965899,-0.2930482101131338,-0.2910009325666219
0.2855842621829909,-0.948593333145799,-0.2167015801269529,0.1924009951385734,1.3483070669002393,-1.7276070293816257,0.013229693929638,1.147398432391821,0.4857093794752948,-0.2960511050717013,0.3786093584118883,0.2533615695834352,0.0397969785470858,0.1528175677394353,-0.1641564003567276,-0.231509376471035,0.0702083651013378,0.0429987772998498,0.0017031866571119,0.0349093238187058
0.7458402233011531,1.3955309805723444,1.212973145931311,-0.3972950939489746,-0.891672133380478,-0.5592164861946445,-0.6690216224380411,0.0768846449510275,0.3967802792706001,0.1117197419642129,-0.4259360101710471,-0.2673194013935249,0.8225638236326368,-0.1228259176080125,-0.3786758076494997,-0.5384694366379789,0.1873554427789957,-0.4729283087316008,-0.2938427698979662,-0.0008478711244081
0.2457203993661258,-0.3671974115351255,-2.4386094184204543,-0.1233089274797689,-0.6491839956658378,0.907087376628181,0.0172822171649217,-0.4219462261686806,-0.0058000537990844,0.4487950122254254,-0.0089521225276001,0.0541485419621823,0.3916856845456774,0.2276961776167508,-0.1161714087531654,0.4813221641873862,0.2264682655809063,-0.1341511840870285,-0.2452135293834443,-0.3666065251145452
-2.573659094157596,-0.2828442432926732,-0.0943663084818097,0.1573696653655074,0.0172068019648785,0.0060473795422694,-0.5385533180484146,-0.5232391935058958,0.2896272763053644,0.5424174530854229,-0.0189510569317801,0.4801735776171983,0.3230470637034653,-0.1805288072364186,-1.154286189012317,-0.683206169642058,-0.2176840419633851,-0.1126559608422004,-0.1547440036510174,0.0949037803180089
0.6897324942527431,-0.1590994374066681,1.8658657427829344,-0.5958728345670607,-0.6265710679624372,-0.4542012129310527,-0.2633533673708748,0.1208964062084166,-0.236895754753921,-0.2691628615821257,0.3732916117165983,1.3680248716176542,0.3584985893041274,0.6346197387902307,0.7662191575036699,0.0832665062051877,0.2896909194405511,0.7486104827091118,0.0137381923376966,0.755669790080139
2.6554454903244555,-1.5961200029587723,1.0149238677298815,0.5798106661722315,1.075233241020353,-0.4234232424229526,-0.2885157347880255,-0.4646851090214389,-0.4130081715778599,-0.5164082355152396,0.2355885361978927,0.5446680343825152,-0.1364835432294446,0.2928100034749119,0.7670770524593451,0.2517079574390634,0.0766895622528146,0.3681073853072799,0.8716200834904627,-0.0838706376350588
-2.2241163435123754,0.919533408997947,-1.0775318116415726,0.1970875038492221,-0.1887516937725875,0.0631842306481908,-0.7120533756198215,0.0251998757016153,0.1498458214546177,-0.8402917768720378,0.1955312638403909,-0.0020663477834448,0.27932405985872,-0.9606477641038592,-0.2806714194572849,0.2405694079626717,-0.3932231212840149,0.19126531469269,-0.6758437666881008,-0.0568851407814902
2.61003675475248,-0.8256833136563371,0.6892926195619711,-0.9620047669720132,0.7358473849324091,1.5716300141092563,-0.3414809660833139,-0.0216515535703167,-0.5793403323197439,0.559849943858812,0.5857368387850952,0.1370293951536274,0.105656624510094,0.3840383975651026,-0.0680760122803121,-1.0314510432808397,-0.4006056662056754,0.2613857861690704,0.095564836134404,-0.4357008187201386
-2.301966907589283,-0.548396159940998,-0.7510727783576008,-0.2893594576283657,-0.2349584285798635,0.3118775546480754,-0.38819264095105,0.5517462536770718,-0.5258163037960114,-0.3574915955188107,-0.487338634795918,-0.7550712258658631,-0.5198158533446754,0.616887654112858,-0.3892635720134066,-0.2431839401167607,-0.1710540886435675,-0.0779654417824818,-0.1951463552485401,-0.1829692784924008
0.1098795268208884,1.569811324790365,-0.4610978561340263,-0.8204535649983142,0.2716399612684209,0.0614825792978857,0.1078312372262291,-0.542217471624679,-0.1167955711326339,-0.3166130114762391,-0.2453893726667124,-0.5264838038723584,0.4962627940855326,-0.222035828504197,-0.7498796816094189,-0.7822041706358908,0.2954249130001274,-0.5061032496469714,0.0565234227154104,-0.1157884874489914
-1.1438235494545093,-1.788725116192915,-0.3711293331577273,-0.9248829627284602,-0.8906081007117271,0.1446088101259363,-1.3439614057495717,-0.0273227419414802,-0.1591369389446661,0.1937758869239332,-0.7742032738245697,0.4872114085107957,-0.2639074679695449,-0.1948386772133467,0.2121496908014752,0.1580352504631148,0.0248179426106634,-0.0325681629315826,0.0993333674482262,0.0556831028485336
-1.9212766365755551,-0.4215099527908484,0.6647755752733608,-0.2792157490923957,-0.0497304730280398,0.0073890760941085,-0.2932858482995817,0.3505718199644853,0.7113837185391705,-0.0555133018561716,-0.2548722377607166,-0.1956763699282135,0.6217342594030627,-0.3094402501191927,0.3040606246701962,0.0995041130192594,0.439742268764648,-0.0140772592559344,-0.0612988825854596,0.0078176299835503
2.45047870674944,1.1711476574321389,0.4930154399099488,2.3503878698675065,-1.027005986100521,-0.7696493862347576,0.8868319843296013,-0.2001699160912973,0.3348410684674493,0.13032861833047,-0.887067014969567,-0.1516832900952288,-0.0864000580722435,-0.3600292423085791,0.0347465194323361,-0.0127595496567288,-0.0839175018849034,0.2439573961403699,-0.1607590708474813,0.2559643768207787
-1.2672650024785763,0.272979173552598,0.5247756281283144,-0.9097370031421756,0.4130586434053911,-0.9645493773175536,0.6146842864851035,-0.0509914797023732,-0.1029695896024896,0.4521279917433504,-0.4494036650057907,-0.4087691533056466,-0.6278858322700721,0.4738769225992416,-0.2304898622302397,0.155145869117064,-0.2986253662108334,0.2044962354599566,-0.1228663085091438,0.1357966642017665
-0.2877358650429408,0.5497705917749035,1.889063973416748,-0.3967624037473732,0.5453864901214193,0.4611932856040515,0.1140219292139175,-0.004153607835299,-0.2360245970853735,0.1898995514725275,-0.1509005412493786,-0.3462832719872754,-0.8964748924949729,0.4876265242601681,-0.1232431180141727,-0.0144482541812563,-0.1064144676925157,0.3639104736945354,-0.4379542061152126,-0.0379110809259874
3.670397094151154,2.112026923978699,-1.0324082361064686,1.923822731519568,1.7265699021161771,-0.5294479695455343,-0.1615436056123828,-0.2214311915953829,0.4058543407335719,0.1174612069033668,0.5603302802586336,-0.0920935650938176,-0.2663800606593213,-0.0161259848616267,0.0922155799999708,-0.8276171591628186,-0.026798984493619,-0.2812462947919627,0.3322459637131253,0.0407296445460878
1.8185412513317576,-0.4186744180832076,-0.4228019857968155,-1.1555143743615477,-0.9953236907500966,0.173108528199001,-0.974020101317426,1.0099391669395574,0.0145570231022359,0.7559262881855847,0.1776365780634985,0.4709223369797577,-0.6928966289592438,-0.0107007599648789,-0.3392185389149728,-0.9495481352628464,-0.5602211593227939,0.27429644625599,-0.1384239716087695,-0.1839024108988447
1.7884857987532583,-0.3887387093912516,-0.6424840426573799,-1.605113553607281,-0.9450222916326516,0.8625829369395586,0.4401018267415135,0.4803740861283592,-1.2654770159258175,0.069229848367966,0.0782324163631752,0.6653902608017344,-0.1364056696121846,0.4225480797533829,0.002912465292199,-0.0172827274169736,-0.0975455423654514,0.5272973027594556,-0.3044273779298196,0.6938699812461299
0.5880620769374384,-0.992949079942628,-0.8356429910183397,-0.8654567791404124,0.4720319787799399,-0.415623009043447,1.0343102879045891,0.2889364695748054,-0.3806368865291475,0.1863611644716989,-0.0128974039248669,0.5918577332875682,-0.1329343749260615,0.0727303468286601,-0.3359622693017749,-0.2787283589745061,-0.2579064311942139,-0.5984590419629358,-0.3390718337809697,-0.1068287220635979
0.6148756023270042,0.3403370754519978,2.566064979650492,-0.0202606292576825,-0.617048918946019,0.0400945447044649,0.5620844119903653,0.9951490137269507,-0.0161302262918641,-0.5379046088358016,0.358641439208632,0.1184787329233428,-0.2367623436410076,0.4463900130779678,0.2588836610392713,-0.4639510639025785,0.2070236913211965,0.0324127225295909,-0.0994184958129193,-0.1940487965298039
0.6440909756499361,0.9434194500326114,1.955034245360047,-1.156663433479201,-0.7343750406605715,-0.1522472429472705,0.0550559993422433,0.280803838455048,-0.7009110515114098,0.2050655268739012,-0.4160036570941118,-0.4236297187561164,-1.0292327603511406,0.4519757092658638,0.6501513000087275,0.1526083880989978,-0.0003156974836592,0.3923433546410994,-0.4174660619679675,0.2021918229291354
1.613304451436833,-2.183803861091889,-0.1134786571979005,-0.0886022295936867,-0.600010940483159,0.1473961771973856,0.3865482745242946,-0.680491369724292,0.5632535639349705,0.4919570793197986,0.4429309884456596,-0.3007562661723231,0.0565339646572724,0.0520210684233576,-0.3298806003417042,0.7458927827809341,0.3138223545856567,0.4772699485893141,-0.1675387989440162,-0.0969447686931074
0.7997113990331536,1.4023145222720614,0.5109263010553347,-0.0763612049202514,0.8366397655456264,-0.8197948575371615,0.0599238741056999,-0.2780452625694938,0.3780005940273547,-0.0326238865544356,0.1101860363402269,0.3938315361169069,-0.2902261894545631,0.2492454281872353,0.1140026881146383,0.7053580616147069,0.4557717863323731,-0.6275656052660377,0.4015089311177445,-0.1695833861470279
2.019210321401253,0.0977839696811561,0.587982725199767,1.02025708249935,1.137759601531092,-0.0869549736523433,0.0848271490401874,-0.0085863336605578,-0.7780214600135213,0.1914704415573501,1.0517190992208691,0.0682686156482022,-0.1777396037558,0.1314372024941858,0.072590127499631,-0.4825706939903249,-0.2793513499484241,0.6917082805801171,0.1673365511954938,-0.4201505250253111
-1.1219431868264456,1.2216349809707936,-1.530004118153323,-0.6272148891133925,-0.2503377345355707,-0.2929112212740264,0.0870674242471733,0.3909188880917187,0.2064695335220259,-0.5405011950265773,-1.113034511148519,-0.2525430509576705,0.1415424661138924,0.8447837416551011,0.4468347745477903,-0.3265380817544148,-0.2517428237321037,-0.4980434631086711,0.002627635801319,-0.1006697095068096
1.6327777385073154,2.2071381321379806,1.3599578114426143,-0.7061782632382201,0.764186844500323,0.4539695236838009,-0.9837570185245555,-0.7820141252584808,-0.644149372447967,-0.1498055998476747,-0.428006379076482,-0.2077800494385048,-0.3203144138690937,0.5935003729964718,0.3314675406659365,-0.4510744470234137,-0.2677733910940594,-0.4848814968249942,-0.6033810726161174,0.1810781103630731
-1.2122984350966677,-0.1429643835739865,-0.8356632764433491,-0.155222362992811,0.1207689304255958,0.6651042300108274,-1.197048443007641,0.5735064706593628,-0.5199240045980641,0.7008397289796907,0.6793354642535573,0.3256454103120567,-0.4027908820761006,-0.1713635582879545,-0.3777946179624418,-0.3900205051292831,-0.1407530236192632,-0.2114245833792624,-0.3642778722798958,-0.3279641493894385
-1.24560280208745,-0.4988290164923835,-0.5142947772777462,-0.7330131301493403,0.6987426842193574,0.4665048689455502,-0.0303892441327019,-0.0170902311504728,-1.1479315406475412,0.2481807516916612,-0.4165006312448772,-0.0730735262206016,-0.3014915334630278,-0.2799874622468197,0.146575398818578,-0.2600934139263688,0.368932323160883,-0.2810452130397582,-0.0451655442842638,-0.4264497168011181
-0.412652434836852,1.6810649695620823,0.3793745730046777,1.4482049783942608,-0.1478455058088306,-0.0023432517755618,0.348793913370492,0.2465431956217712,0.4046751737862983,-0.0245655606728225,-0.0098873527608173,0.7223853676679497,-0.0998258619475613,0.3646050613053336,0.6832137184545937,0.3089778679333431,0.1082983359468649,-0.6155124199435925,0.7050441927788748,-0.1304683167324466
1.092070726751062,2.89156673862006,0.8002315064463484,0.0216095341781183,-0.8647069897298689,-0.7019950328774067,-0.3875514119130543,-0.0188468648187521,0.5510559908787419,0.6232030739985788,-0.124331485334565,0.0221186416899215,0.1829234231705987,-0.383936887088853,-0.0319860980123528,-0.3111211666114898,0.0512120656606581,0.0536203971192229,-0.0973277043649216,0.1106096022550765
-1.8294030357118745,1.67178297090134,-0.9629676283764635,0.4717543729205299,-0.3757761420079498,0.2907042334489856,-0.199835330170115,-0.5952539526165277,0.4567240483395998,0.3583967089239763,-0.0162798864363869,-0.5391083781074757,-0.4130858093643439,0.2454228830816313,0.0572541615499552,-0.1738991597948871,-0.4783868852027568,0.0152576951777417,0.0114804572031901,0.1229339749818377
1.999152484292939,-1.6733365560107094,-0.7062392007910652,-2.1475605003199054,-2.258636218216137,0.0504473824773475,-0.3701208066427215,0.63858468835287,-0.838290339306701,-0.1061211081381605,0.082656422161058,-0.5833421425947927,-0.0868143420261814,0.5848361469483615,-0.0718068672476969,-0.2823093370400447,0.6377039523960157,0.6610428822217805,0.4668768887875155,0.6364711448059002
2.5835386719083524,0.9321836791628088,0.5171794329033587,0.2445458536491366,0.6463746099885778,2.21346010715223,-0.1575906504715697,-0.0756576406666863,0.5959989171374346,-0.1774903391226767,0.0390721744614294,0.5581866878076579,-0.8900750343150029,-0.0450646199850836,-0.3137156719605203,0.0403854130764467,0.0689290327593182,0.0454688898815861,0.8912045170554174,-0.2087968342350014
-0.4101391613736836,-0.3389590696946333,0.9735757089752884,-1.5299301898166882,-0.3801345881618046,-0.4471184472683703,0.1845751018409414,-0.0332661383249058,0.7308819393181067,-0.4045084045877736,-0.6029913141382968,-0.7266520933313501,-0.2236622762366792,0.384558539520281,-0.0345460328572448,0.424910952243864,-0.19508347717106,-0.1669894676672525,0.5502580878973659,0.1206749680983493
-0.2847992121408569,1.1282285325832813,-0.5108978704505759,1.421207723785706,-0.2713754454191548,-0.0487340350229114,0.7664325909296505,0.139915691586436,-0.2518047243630876,-0.6758110751617536,-0.825349582111141,0.0044755119487889,0.8294110286214892,-0.1241912761955861,0.1747512816080196,-0.1945617338748967,0.0897796976582549,-0.7593495168742618,-0.2881546830043931,-0.1062425819307629
1.2949637392715707,3.3846358440706967,-0.3009538284736896,-0.3528894000533888,0.1095876545645782,-0.6112269009578963,-1.0825313044851228,0.5311506942782642,0.1307850439135151,-0.7305406139084664,-0.1207169837745611,-0.1678131885326486,-0.0250568641964124,-0.6381494345676377,-0.4012315389505109,-0.0325240175552747,-0.1424986160334725,0.025540115086684,0.4949674917045642,-0.0831063831462616
2.272724982791107,-0.6973521434717145,-0.213653969123389,0.283093869328244,0.03527715077391,-0.7901700183452758,0.5030461581712131,0.5530624839232406,-0.3337592317513777,0.699593937568685,-0.168446927626466,0.0587955111545976,-0.4293020293526671,0.3341958738509838,0.0147278331224213,-0.5510934553444372,0.2784597780445385,-0.3841739658447323,0.1239003663671339,-0.1831381343889031
-0.9471516534783276,0.659631591352133,-0.9515777314626782,0.4401972257895158,-0.4439457142535974,0.357727570176228,0.0921905422281737,-0.2607548857345055,-0.990846397205802,-0.6116872724264675,-0.0768095970821072,1.117631031864053,-0.260265490261272,0.3924752531731748,0.5342601691788459,-0.4062059126350079,0.6632500752495782,-0.3968624468384752,0.1702332842756872,0.659076018818858
-0.703647012598807,-0.933399847293922,2.6416633689911504,-0.399080989322169,0.9028464141135528,0.3799904339859756,-0.2274410160922559,-0.1848069239589386,0.3825621497709123,-0.2861412162167784,-0.4505607596167617,1.1806388313802063,-0.1016136941177382,-0.3327663950942159,0.0633882229623562,0.1432350732483775,-0.1580669072963899,0.3010761721862158,0.2077309104483501,-0.0990440785711467
-1.2906901821587369,-0.9309480278575648,1.0357004306123172,1.064041144371113,-0.4353165714185815,0.0384731870131596,-0.822503124778799,-0.458000536762834,0.0895107550604915,0.1873587743994426,0.047612822529119,0.1345307643007674,0.1729943600715578,-0.9834606938982284,0.168983835230815,0.2551070997996354,-0.6722459547915104,0.1712168726724857,-0.6561445048190513,0.0776798617999754
1.4631286187686503,-0.7893088874643245,1.5485152398427662,-1.7189317167650762,-1.2565706608384104,-0.965210035564804,-0.979422307758168,0.2637943682823226,0.5676115510732025,-0.2964637630915187,0.5752496722587509,-0.2177463956151086,0.09002341861735,-0.4140659069610002,0.6207519344844286,-0.1990598460098208,0.0941451235682198,-0.1031948208802028,-0.1402374243180983,-0.1677321196673903
0.7238931487587331,-1.5293553224404464,-0.4032298527057425,0.3348123728150092,-0.2897173154430195,0.4819234992226171,-0.2018299149547554,-0.5838260801490261,-0.4986194249093498,-0.3396038218429376,0.8130572248734644,0.3602894077654325,0.2553635992304582,-0.2511401660018084,1.1008618265883756,-0.104931265091677,-0.7178529616402516,0.3541702835700946,0.0094809393086403,0.0284298385605669
-0.4332066157911176,0.642209407119327,-0.5229711916754108,-0.1290390056999143,-1.0209801729923926,0.3712663933694672,-0.275330092052904,-0.2243912267838809,-0.027272457781589,-0.6537068040988294,0.7268291009494824,-0.4956605255595122,-0.1171700094647516,-0.4662761911129945,0.5010482693581628,-0.2980610501082771,0.4123104397386981,-0.2369356390421986,0.2126881357905245,-0.3792484028606061
0.8895024649813558,1.074574450985622,0.2323862410405904,0.8964551188963721,-0.5541444698568476,1.4486248843162552,0.4238631312045587,0.4024845142155676,0.1808258297794394,-0.9395571853899488,0.1703406823594101,0.0658519770037213,0.0795743556659992,-0.263890558944097,0.7011751202035543,0.0055546518991233,0.2481821020534713,-0.2419999393714483,-0.3790919394973274,-0.2271517757463541
-1.4046711876169766,0.576434293624961,0.2374230566997283,0.1944149155580136,-0.559450670933091,0.5370257620444625,-0.6664120434344797,0.8085204172253063,-0.6945795926411832,0.7054901307202531,-0.4915511541739343,0.2617589276464486,-0.2763838469003229,-0.1518647431712545,-0.2023237921436834,-0.0865993836362776,0.3003821076762713,0.0885830239832063,-0.4215257076589893,-0.296443135328728
-0.7041958148368741,-0.1267573668183275,-1.773958336037412,0.2875203723007419,-0.754909715785306,0.017833066543107,0.0698693125677001,0.169355471944845,0.9399391114050886,0.1890975959180939,-0.0409438502581164,0.501195120341825,-0.5716667420636787,0.3164625531240584,0.3201413678923954,0.1577066830807132,-0.1348194657275778,-0.0370050701493928,0.5640803809490148,-0.1362950789216822
-0.8306001002740566,-0.3147858138397533,-2.537797817249653,-0.336341983702658,-1.276415648142192,0.4378401289483185,-0.4480994021781128,-0.800748561830236,-0.5214813531525861,0.4281906698216693,0.5337245584014381,0.1080888235584765,0.3439189332126037,0.3989125788813558,-0.0861335203607966,-0.3040741686374027,0.27635612159099,0.0849996009545093,0.5472349224883379,0.77212997095911
-1.779490741000929,-0.6444994688300288,-0.5664406952562968,0.1848523445189644,0.3869456485560884,-0.6560479577846888,0.2433732460482379,0.7185439520390557,-0.3118116645854997,-0.1539284278098047,-0.9155947462683158,-0.5068693603008015,0.0922998961868998,0.8180472178861915,0.1048231357580522,-0.4451991375010015,-0.603117329410202,-0.3811519085464466,0.0707038969508319,0.0316750726563185
1.0447876309368216,-1.2812632888277873,0.1901458386664285,-0.1387042278526192,0.0927857881576832,-0.6992900715536894,-1.2689143307051811,0.0357204382672384,-0.0195195423896014,0.0869452910997709,-0.0446494842084835,0.6814334258355331,-0.4709474256288647,0.1930912206239918,-0.6535783237989268,0.61320549153898,0.5803018762795987,-0.3931888675457114,0.3209587263961519,0.5823782984074399
-1.2731757933114185,1.1857526471312947,-0.4323558476802281,0.1162285049522125,-0.3825670428412422,0.2679025011955351,0.2631951882457218,-0.81920709460433,0.0274164047360251,0.375008210647575,0.0643534029877259,-0.312207905090106,0.1074904001161537,-0.6331125107662327,0.389038929834081,-0.2888616865791703,0.1747587657547714,-0.1486425159090708,0.2588403748671151,-0.096384741602149
1.722074720684577,4.816099818542505,-2.717973136428477,-0.0718252113850178,-0.3847278004111845,-2.289474030837098,-0.1745406777504249,1.171178309110898,0.1882657552678183,-0.6365786992408962,0.5279956962288068,0.378771602737033,0.710605674676596,0.4374213802587416,-0.117180495587196,-0.4996112820962856,-0.3312426165435805,0.2711999067886016,0.5756658840834719,-0.2329950799164128
2.354580072867662,0.5264961450020756,1.4143725100234907,2.7677227947531606,-0.7711929194953666,-1.1429458339193737,0.1029191543333027,-0.2866799646371411,0.4935771666508239,0.4848814537962732,-0.7784108459400374,-0.1301672885283983,0.3082296047885257,0.6193153303894973,0.1896907546582987,0.0054736139036059,-0.0038659448040007,0.882342011704794,0.2272274713737442,0.024547006051492
-1.4565848276628917,1.0932744751427208,-0.2237530758006278,0.4512107388897437,-0.0443152258779162,-0.1381566689866581,-0.0014422204783168,-0.0578914955384308,0.5271567073644818,-0.4011772601400111,-0.4577616980357952,-0.8288551056454059,-0.0130917968210997,0.5104483605864667,0.4053535044796855,0.2693491994402909,0.20041155569194,-0.1549061586396174,-0.1147624950187404,-0.0005832207105603
0.3500326933443212,-1.7681889560698243,-0.6184252447015897,-0.8841961670911478,-0.897732642034923,-0.5590719418305835,0.1732927364029389,-0.6689114269222398,-0.5162707431962599,-0.2816762352965516,0.0996452145846294,0.4619361877899665,-0.4589316320133305,-0.048145536498677,-0.5440535502984765,0.4536254432032037,0.5296962904452449,-0.4096963697645451,-0.422052895731491,0.4665281745284926
-0.2202496342111172,-0.7359146714275686,1.2595793931624957,-0.6273329435820456,-0.6155080482769483,0.0310225364064461,0.3868982737262538,-0.2874989483085662,0.0838193836519177,-0.8229611934470851,0.4964609843239968,-0.1598398032573844,-0.316866904746786,-0.0436247380642347,-0.2560289104619813,0.0342741722036521,1.0066005226723471,-0.0315054933109559,0.0748441421627302,-0.3552477749825724
0.1972571124054292,-1.543952580794334,0.4292105480529034,-2.244609439626617,-1.648276689377539,0.1651369963718601,-1.3675104661043194,0.200890769501965,0.4727473670502518,-0.1676261951518187,-0.5278636325513666,-0.1642849183231195,-0.0403058251119875,-0.5507355788706944,-0.8837374841865875,-0.0593455215357662,-0.628051624607638,-0.0573437917270316,0.8051807064100017,-0.1139723757805486
-3.155976759709879,-0.659163103214407,-0.7357299982000137,-0.5101675673402161,0.6624184517676514,-0.7780404544586287,-0.3737135892977587,-0.2385031233078639,0.6494296128360575,-0.4027357390750735,0.3631323389937145,-0.0142065905732017,0.4229879568485279,-0.5412488007506542,-0.850647004117465,-0.3864973160781198,-0.1968375206753245,0.2669983290469023,0.0322596757332712,0.1150992818203514
-2.3608768217223624,-0.1905304203903494,0.106806504654455,-0.0488943797189976,0.1315567594411111,0.0262962575736198,-0.4750022430496374,0.9305799828347296,-0.1632616227233028,-0.3019972014897551,-0.0129901306098498,-0.1716336110827593,-0.0516497104047435,-0.4306595330936543,-0.0944289082109977,0.0075025418101972,0.2792335480897706,0.416647265446632,-0.1558728012778831,-0.1645211894680367
1.353516245388968,0.3850353939197827,-1.622847126669424,1.2127617107000257,-0.0134396819005462,1.625802985834031,0.3318423199409054,0.090988624247866,0.8492209085092148,0.2588108405243558,0.0808715877582742,0.1441174703570061,-0.2950583508335365,-0.2122520686269611,0.3119661922874876,-0.0816260220732345,-0.0091452910516186,-0.0773840756822262,-0.1604394656635858,0.068063693540841
2.0155566587246927,-0.6799793810040285,-2.149648424979349,0.1565762035947823,-0.5320698795381507,1.482247055588465,-0.326991930571976,0.3775310473834127,0.4741845775219623,-0.690606060994068,0.1351419750064923,-0.3349846845874553,0.1096525623568903,-0.0321986640819965,0.5423023640169136,0.1838356589847536,-0.0885908076664151,0.8228116678788938,-0.0235490173569373,-0.3812359991521957
-0.8076989979454271,0.0451845068916482,2.468379264493737,0.9696930891092266,-0.5837199779635308,0.9027078840620562,-0.4269808935500007,0.7604729001773267,0.4365727457514707,-0.5801991152319084,-0.482177340755115,0.3726674302827992,0.3822560190035475,-0.3062588383623523,0.5363044809634712,-0.0095762863342363,-0.0179201528656577,0.0526092047109622,0.5086152131644384,-0.0718893015306699
0.3184522577539765,0.3725006048585172,-1.612812619267558,1.366028349690003,-1.687265933614097,0.8649125942476765,-0.3552836547294897,-0.2769992391807671,-0.7117783710496057,-0.2060635048720043,0.0370891809829513,0.2719705301116608,-0.5542458972555608,0.0691537605332942,-0.2788691277828121,0.3176746171548596,0.7538967357732009,-0.3491369553076011,-0.3049648502807826,0.8798720703556946
0.3520825833907738,-1.5059980846583898,0.4253757851323231,1.928397963306642,-0.3301095453100394,-0.4937835415880013,-0.0803036239324704,-0.3392216492363459,-1.0617057206318743,-0.5190564691591648,-1.095338312370697,0.417538523110311,-0.0333452287918451,-0.4584416320767731,0.5652620405557962,0.2595053269811396,-0.4767293836536889,-0.5402900215700011,0.351198763474047,0.2464304202826557
0.8856533466677751,1.5766944197321784,0.818492984921731,-1.089975236575391,-0.1809873755375899,0.0824387624383636,-0.906194478291167,0.0356450014191985,0.0836309099685081,-0.4930544175092294,0.9420536214146196,0.2007897992587143,0.7372789793551955,0.1918642654488631,-0.0042797973345618,0.1405893919584715,0.3601686408927317,0.5175632425674818,-0.1840475398774853,0.3949085235902058
2.7125703719193544,0.84787450777744,-1.0870451186365562,-0.3077160971200118,1.183901724079571,0.9625887008739468,-0.4188745769389637,0.1803549630067887,-0.40760831635413,-1.3043217967630332,-1.0023068703222482,0.1704320470217372,-0.1315606444342477,-0.3162507775716445,-0.513995189496616,0.1473127837149146,-0.4343376482977842,-0.4226536811229022,0.4114075125226408,0.1747924738089483
-1.1675183789514163,0.1348091036617972,0.5517957327041538,-0.1714900646998931,-0.341525937349963,0.3033935701545178,0.3240018849458347,-0.1793297791543962,-0.8372470250227609,0.9241260241499818,-0.0211977612141756,-0.4369987040872974,0.3502510420936408,-0.3308851243205652,0.1380334668462579,-0.7035678703508526,-0.0357385421139251,-0.6988079740619746,0.1730602907397117,-0.1342515505425205
2.1269249604128317,2.3399880541517186,-1.7529955337647638,0.7082206445505936,0.6885777593875451,0.1103485433393556,0.523885451673666,-0.3387626785887087,0.1338559136213947,-0.0802359579099759,0.7497876556926021,0.3657579340712827,0.3616766658159376,0.0681937113815929,-0.324578458991465,-0.2609295533132273,-0.584341628797388,0.2828490197714067,0.0002369898572094,-0.117644593992996
-2.5119307855567823,-0.6914832823918797,-0.644186846068053,-0.4079857069771993,1.0031591131291426,0.3134429762857608,-0.369023206093161,-0.4855273157650638,0.6029181022649678,-0.3137425308742283,0.2359942594924708,-0.9640848948595008,0.0549175439616388,0.1780204226427991,-0.0065734605321457,-0.2753099057116107,-0.5817924493092124,-0.1059893641575026,0.0268282074983696,0.1343362320196163
-0.980620880044276,0.9841389097440728,-0.6095688455833207,-0.0280505880626635,-0.9117619070310587,0.2503719878883555,-0.7549902046567772,-0.1168038688826803,0.7648018812114831,0.777539751173701,-0.0831447726061532,-0.080717543001024,0.0979887184454136,-0.5989305954791232,0.2137322108810732,-0.1950436815260331,-0.0856572764830504,0.1948464686065416,0.0024874746981206,0.0858056635951692
-1.7871435111161034,-0.2017088758899355,0.4501440089033073,0.278307912976411,-0.6405285586168089,0.4930784824510598,-0.4051570291917302,0.1617722116419319,1.0980053482663297,-0.0185451137585048,0.9918642050964176,-0.0249232827060115,0.3003332824060946,-0.1325544668495888,-0.8714272589912846,-0.5639340136124715,0.0683259898847592,0.0572291570412371,0.0256588913657254,0.1630667689114689
0.4259517882653664,1.236379646089781,0.0507042412292687,0.1343931216994402,-0.8640851193544833,-0.5062829376134264,-0.6838884324407568,-0.3915564895239853,-0.2907628661773326,-0.7074255617441074,0.4638526233611978,-0.370930423629437,0.1583117677330213,1.2374937827843733,-0.5433863350575501,-0.207451787367291,-0.2207867211519738,-0.0282544886934816,-0.1991090979654132,-0.4540125462381997
0.5903604331521132,1.8491850292288587,1.6343543494289663,0.3201681767110625,-0.9157553933173228,0.4198737959789681,0.223681352479961,0.4042663771102425,0.1593101133854198,-1.1490672488207896,0.1152975941619413,0.4965154801434752,-0.2799471717695573,0.5493799004135425,0.2565267921558237,-0.4407511644553641,0.5009012265956301,0.1365208959806631,-0.1114200983232717,0.14503737241794
-0.2753161694631141,1.6157758073686843,-1.135129953885977,-1.5888439159718062,0.6345828621508308,-0.841536050563432,-1.1070569096422629,0.0162754780347908,-0.0728519113653491,-1.0179335875466788,0.02535256961699,0.052847140105869,-0.0984078305067947,-0.6022951294422446,-0.1902539846918873,-0.3085832880872129,-0.0018037441084691,0.4281191436900212,-0.1763360642034412,0.197369787647559
0.7843185453738138,1.7808578760843932,0.156216169223768,-0.8978755233367416,-0.9882531387078152,-0.4884642330547687,-0.1312657294882267,0.1497094905507142,0.8371332542547646,0.4611388574247946,-0.3757561508994942,0.4714779067661227,0.0801096020502551,-0.3786690945676753,0.1947037114910893,-0.6508384852694815,-0.4161412304068227,0.3489853926148363,0.0582271988754839,0.1372595855889308
0.8540217194721088,0.4774214422978934,0.2190403257969777,-1.359311900579874,1.6287245626634157,0.1137608155671053,0.9185922053998576,0.8786479228919241,-0.1490826059670161,-0.4208812037159524,0.2851582285135862,0.0538693482264909,-0.0807855154352941,-0.0655258705051994,0.0907057598736772,0.0025941329097737,0.1839619689014446,-0.3975242374322178,0.7216015794195605,-0.2109730033413554
-1.6629522202315403,-0.2034048078687039,0.97742454103679,-0.147468347625356,-0.1543995631234165,-0.0760335109766197,-0.4750415375425578,0.2051440229953109,0.6603677939926438,-0.0421326812951175,0.9092330649292673,-0.0634720992073853,0.7470812924256295,-0.2339570263226137,0.3894279796492706,-0.1774795682684233,0.1341733915227981,-0.5371127179163638,-0.0339424095783534,-0.0491000519902264
-0.4873441834218857,-0.5113436878979519,-0.7224454968347502,-1.561432175692725,1.1010347832084713,-0.5098471280608522,1.100137333180719,-0.0430785321863152,-0.4008177908616731,0.2475674010263639,-0.1660250627804116,0.2995973084427858,0.1868004693287344,0.0926313094626089,0.0022021840478015,-0.2488086590758063,-0.152876621516751,0.8695547562488891,0.4365460246071691,-0.2720469359071382
1.0031174225679271,0.4387177617762842,-1.0230970479331083,-0.5683454837650042,1.5184491992981315,-0.7033073404632489,-0.1423926029380036,-0.6379323820739562,-0.2214837234080927,-1.2939023339236118,0.8624337029287721,-0.1904330227026144,-0.0313384973264762,-0.6800286904436308,-0.1042806672692465,0.191087800813432,-0.0150588064747705,-0.4046863360976417,-0.5633099937061896,-0.3093730389205731
1.2341808944317385,2.7430113788385477,-0.5868678032767225,0.1430121274739041,-0.7929269727223337,-0.7956968883997604,-0.0840176860398828,-0.6217697870154865,-0.9110508275489586,-0.4461899936099815,0.8486972024308483,0.262662411405339,-0.1152380147109435,0.1656910599822522,0.141674886387197,-0.2228442152487339,0.2855452279698338,0.4246998143319172,0.3623609534970605,-0.1854437115026022
-2.552068927379525,-0.4345490141653984,-0.473277499840828,-0.5185166572767799,0.3476428180220855,-0.386959627371791,-0.1200234766632457,-0.9586040866549028,0.0338747046255174,0.3128343739546154,0.2818990636489796,-0.3903944755950345,0.345656010679274,0.5326495912766677,0.4165942908335352,0.1732837320347689,-0.7558465377901883,0.3509002665918227,0.1582962123983428,-0.1525985863098529
-0.0606384745439312,-0.7623879688113601,0.142476778292427,-0.3660731409435513,-1.3975471878062018,1.1994431633203566,1.1180641379044094,0.5752197247938083,0.1716247879787653,0.7578301480094929,-0.4793923414324295,-0.2212871680277212,-0.1069489918135264,-0.599402939862785,0.6235322160128327,-0.1962895948749761,-0.3952642241296497,0.1948959220704014,-0.0604144077395665,0.1591679694456927
2.043373038688029,1.356280638807396,2.0496132739090918,0.7315572079758196,-1.2689517001487904,0.0847110150059068,-0.2572778644766699,0.3459911475986091,-0.2074343886630609,-0.1863324837254531,-0.2829325392965413,1.4746611300520154,0.615018210674127,0.4914679631368476,-0.1403270110710254,0.962263209338989,-0.4463755773928772,-0.3338445816493653,0.0506113426322997,-0.4539566221938395
-2.6721007495910896,0.4464550054671505,-0.6555744453772532,0.1191317298502328,0.4627254266740296,-0.2386380118019399,-0.0521214233438979,1.0462602122172378,0.051872753411748,0.1289846945954716,-0.0248411541597029,-0.2833534918848842,0.1761688434261057,-0.3368288709477864,-0.3179071177435655,0.1294578198952915,0.3394077805971497,0.2854104141414116,-0.107503861075605,-0.04390832377154
1.1750818932849798,1.2073214172392157,-1.683431338877179,0.4960219926177638,-0.6408967911967494,0.8400789307715445,0.0954944222369891,0.2002308761131476,-0.3592424358550524,-0.3050072741924315,-0.3114749573538032,0.6188380906455438,-0.2914388138630459,-0.0477481166217109,0.4248984500295545,-0.1520966842358625,0.0238008705856689,-0.5745936344639332,-0.3627897013031733,-0.3492317204792468
-2.1028606055002035,-0.7282214895679349,0.7958293189553044,1.5794044763542825,0.1814322500135649,0.1288290966128026,0.0525060329775258,-1.27748467235573,-0.2432397777739313,-0.2343793030590006,0.5132477231314941,0.0383077936873198,-0.3626685993433242,-0.5850379345028104,-0.6842710980686656,-0.6072572129788171,0.0287056349297396,0.3891866480579144,0.1300531703678769,-0.1182911669619555
3.6363764755905694,-2.4770977610332694,1.310928908239784,2.674611472089216,1.825947814180747,-0.6400255010938716,-1.2481501506340462,-1.2212722157435565,-0.8065410801947259,-0.0083166438729292,-0.3138630027033492,-0.1844922427939156,0.4170861625405009,0.2017291237222909,0.2069516306240011,-0.8627098008458285,-0.4564021231483108,0.4227139148704857,0.1814961966697683,0.1060831534335605
-2.6486109752273355,-1.481501474595743,0.0472767216657195,-0.1079725332104288,0.4117861141367384,-0.5541812643224056,-0.5310199546912787,-0.4832010197959991,0.565506870147522,0.4035509972722347,0.9391306678475628,0.5318795068169466,0.2421344824432144,-0.3258475959439381,0.2690070605469326,0.0098674322682211,-0.0683324783785955,-0.33136381427578,-0.0671301022778927,-0.090089736039917
-1.2277754868493351,0.2955049099034929,0.0017905113050419,0.3777162044006984,0.1195648092301124,-0.1494130714674172,0.7134895793253971,0.1117601458096061,-0.709798523607647,0.7056426958713086,-0.019394110236266,-0.3336268431046623,-0.1050810750331713,-0.3146934315714286,0.4178136130509789,0.1888135071488481,0.6582306052910069,0.0473722863612066,0.2150747882993112,0.637301552737821
-1.6346165687548386,-0.637416941906278,0.7376614711388005,1.4821539967471995,0.2106478806729129,-0.0053080851872518,0.8172705863442795,0.0233109936809445,0.6985075604183733,-0.7555190623265524,-0.2270678734511567,0.1126230468613435,0.4078173055812674,-0.0181441945234995,-0.5059963071261574,-0.1224687968519936,-0.3563672522054688,0.1346353328896,-0.3900306946009154,0.2491586146990418
0.8485881163160642,-0.38838829190532,1.363395183358835,0.5268775508282163,-0.0638344086327565,-1.4336767812209428,0.1582920144678659,0.2175992794769519,-0.0924196833014533,0.7131741531165856,-0.6003217032168898,-0.5644383327711378,-0.4902766196634501,-0.1119723692117297,-0.2578382026933151,0.6760379049694366,0.0905684090192863,-0.0484474801388837,0.665288794461806,0.1557435178677301
2.291503170966891,-1.2223006629318245,-0.9934631974866917,-0.6450525675823738,-0.5747233877264202,-0.4939160426500714,0.4200875806900548,0.1117947535333235,-0.1951952910702688,1.0127678565603535,-0.5107516229001703,-0.9666593565110808,-0.123039253696189,-0.4473158843997835,-0.1804189292037164,0.655480681647207,-0.2406955102490491,1.1077699639507663,-0.1057176826885522,-0.0049816796055535
3.695620780799704,0.8236919702758552,1.787029506167659,3.155232020334116,-0.1268411999236673,1.0158011894974477,-0.3066572022728829,-0.5307774583535785,0.2094319046507929,-0.0293808601204577,-0.3678670060464671,-0.2152107563587771,-0.3761357634530744,-0.8022326777617619,-0.4889184550760697,0.1019021344957347,-0.9759090948350708,0.083153656202758,0.5198325334979363,0.2285039040014808
1.9230882087595864,-1.0078260728822117,0.7733203720369163,-0.3132754936578372,0.656786409185172,0.2928287996618364,0.0855739696795781,-0.3124699990383581,0.4883032876699445,-0.0996975841357882,0.5720122088925551,-0.6497626355089026,0.582501213511038,0.4471478566955539,-0.0792387724017721,0.2103288335775256,0.8938775023300595,0.2073310993526378,0.2778512070976537,-0.3189900352499228
-2.3739547101189773,-1.3596170111146977,-0.4880001163511964,-0.1225552527740599,0.0843524589717303,0.3903999170639132,0.8507198447843309,-0.4905559039920028,0.3321901553641289,0.0910200011890112,-0.3724354198279194,0.3703400362500437,-0.0625495140312319,-0.3178216357324253,0.4019591823571657,-0.406791210030378,0.0700937959910564,0.2300946756000872,0.4288854226057451,-0.0646664273746479
0.272752534125862,-1.1521486531891814,-0.1562526438507296,-0.9204810500946164,-0.1657564433780001,-1.5778942095341757,0.3871365598031622,0.0549359789856816,0.6351666236281917,-0.6381335308436974,0.2697071613530123,-0.2197169357680036,0.1215804418326022,-0.0008736385239949,0.0587001720705578,0.5836185731748936,0.0810256391383516,-0.4511243226823349,-0.4516047515061351,-0.0263376951258256
-2.6025156443268544,0.2336048497718508,0.573094938338401,0.4238088744534184,0.5004293640838744,0.0263550575746803,0.2918731501653223,-0.5439500468430535,0.2707818562372093,0.1802921178025846,-0.2302245086340896,-0.1994559995160665,-0.1986054926978542,0.5237422075540151,0.3635263717122375,0.2336595495745888,-0.0407195814430986,-0.1728510549534097,-0.1204141219850976,0.0310493825255039
1.1966601287853993,-1.3684533703451602,1.0290962109681276,-0.4102374820672004,-1.0779476927580682,-0.4207110074008425,-0.0982676766449455,-0.5754278773644375,0.0729473024468564,0.0010103381599096,-0.5623824920323419,-0.2117476033447182,-0.7480873769047346,-0.6226645947318743,0.1756466045767182,0.2439213978662116,0.2896271383280254,0.2523517358013111,0.798502480985299,-0.1496952410646568
-1.0356309367642045,-0.2280080183893639,-0.9153744308289378,0.301845514435395,-0.3232022559268126,0.1966173382525039,0.8810499607765321,0.504667097852274,-0.1819509869962611,0.6301946227464915,-0.3611067877247644,-0.0941541754668904,-0.430052376109802,-0.3336924698718765,0.3875111435096198,-0.4097751650117494,0.0248027298081187,0.4015748225106861,0.416250630700025,-0.0876710687518251
0.5936350995764331,0.0926628745704094,-0.4807363608894148,-1.5245000853352446,1.7191481954452248,-0.3218300908758554,0.5412293003077164,-0.2101810127024634,-0.6562377319926569,0.6193492535578741,0.0028645618972809,-0.369199126163841,0.0855303771632043,-0.0135050335631273,-0.1084734971904893,0.4821826334361256,0.5104405522209277,0.6689686886954239,0.1087796091334517,-0.4104051903840342
-2.430803728667984,-0.1785598907381599,-0.0146427983861255,-0.0357513602824979,0.1796964143161267,0.0480440257222169,0.1283896132639934,-0.0809772785527448,0.5490435877777807,-0.376483053243355,-0.2685429983775551,-0.7731820829256255,-8.768023429574317e-05,0.4898238811456557,0.1953280257580528,0.1050708134999233,-2.998025631497424e-05,-0.0997546272869124,0.0001713518743234,0.0632656931307462
-2.515066053194745,-0.5444708726596768,1.0709335181491757,0.5312049236163854,0.0983437685071031,0.3621288231378657,-0.0313250325769022,-0.3387423995373548,0.8075028745140941,0.4534778005402023,-0.1023638621907119,0.49675855990051,0.0712763521215193,-0.1939507098492472,-0.6657121456775417,-0.0536174442029037,0.353075383593105,0.4333229375303508,-0.2017206448605468,0.1438645569860172
-1.428580233721746,1.016779336934954,0.5376165187910743,0.4902844950208206,0.1048602947006238,0.3813345998019797,0.7017927428990465,0.1072145407949857,-1.4911977613318377,-0.198473461086226,0.0171222348475371,0.0614146157214102,-0.3231676030503208,-0.6890881413297856,0.513354195752555,0.4531848118203094,0.1972926109265006,0.0384389948089965,-0.558059340565481,0.0739178121495893
2.1888286371041024,-2.5482439325369315,-0.6020984201608537,2.687915310823513,-1.1478225491312437,-1.1711235327517835,-0.0899317424208364,0.0927198199398329,-0.029215061403505,-0.0254022632579497,-1.0155033575664414,-0.8689912801281562,1.066631016219302,0.1002524578572431,0.4152920140724492,-0.0174445293686658,-0.3750269693687113,0.0703708600694791,0.1961295227263416,-0.0495900908917236
2.324479354572936,-1.5607178276163176,-0.5483895039119925,-0.3491870425714963,1.0086634313445275,-0.5637422787649403,0.6012007487584861,0.3336616886283146,-0.2615758986220113,0.3798847616425267,-0.1029017124659733,0.1922066141601593,-0.124312476795459,0.0296796529135352,0.0169262281199725,-0.186087123193801,-0.2268188200117137,-0.6705901533878006,-0.4060372794375863,-0.0326837360134218
-0.0573364426876783,-0.3585976392042901,0.5439481108007034,-0.8950762486264341,0.4465628703125404,-0.0439105652268489,-0.1532378016679726,1.2022289699697135,0.1453929257159181,-0.5466719773555991,0.5001008782357347,0.6118742022885126,-0.2038633812602548,0.1556677342102139,-0.2213228682186443,-0.3339360739092608,0.2344825809894504,0.4428649322830462,-0.1051593044067238,0.6696378850260888
1.0012748916809937,-1.9518942643921693,-1.608162977465544,0.5896595242473319,-0.0309543185754724,-0.1892908890266401,-0.1546106924548189,0.7711523806681734,-1.1462235781651895,-0.7287030587659172,0.1429936236370838,-0.1304341359606871,0.3362099856542425,0.2868043740536954,0.4313973521425476,-0.0491129690636118,-0.2522892934806088,0.062524305258155,-0.0845354631398714,-0.0937318984815689
2.8904828547390866,-0.5004572314511169,-1.787164651884117,2.296120933336278,0.9996929551477532,0.86120065301742,-0.2204462989416603,0.2718611327931789,0.7308640032885512,-0.2946248965464946,0.2687669901255651,-0.6219820483575597,0.6035940245921653,0.1640066182034897,0.4068203612036143,0.2146313800224157,0.0193493232647811,0.2922623708597295,-0.0364722569065635,-0.0895559955913464
-1.6109628180209186,0.3410125155574389,-0.9122481167478926,-0.555469223839403,-0.017149380550388,-0.196826800123392,0.4716649962286433,-0.0674595700141704,-0.5896876720737169,0.7565590238788876,0.2871636451000555,-0.5618730744383501,-0.1988275848868484,-0.7430478206548311,0.2870938916312183,-0.289327759616805,-0.1022476021431337,0.0163322962447983,0.3018504188755287,-0.138614268613795
-0.6338680611985674,2.447335026558,-0.525748331830257,-0.7699860799117422,0.0415386818421139,-1.195336904140675,-0.2442603599625757,-0.2584339076882995,0.3598862698170257,0.2524425543839599,-0.0171492708147087,0.351513143966133,0.0920682214043055,-0.4706062370372367,-0.3244780200077251,-0.1814394267649025,-0.0497286288381788,0.1173583654612695,-0.0961346366077085,0.0275119125199375
-1.9726600288258016,-1.5652214023725592,-0.1961321412397344,-0.7689943865895672,-0.7021918150510646,0.418182224107338,-0.6834147037715026,-0.2906695344655944,0.4864464412913483,-0.6311646208695065,0.7862823811446963,-0.705099693292267,-0.5096285050252388,0.3285470926544144,0.3658360061276291,-0.1612386225916935,-0.419638928064678,-0.0447393632677056,-0.0482233156634044,-0.1704240915533017
-0.5702327859544578,-0.3166528167566824,-0.1561732353597791,1.2113599570884446,0.1073751083068483,-1.0380587458541628,-0.9938130324401888,1.3036019026633958,-0.6048863251311981,-0.5432460526453057,0.4467112822379678,-0.0536084159131425,-0.4449482052481035,-0.2324233380747816,0.3007630510545466,0.6706493101280443,0.367686465826581,-0.0984813888154632,0.4499430271597985,0.0807231959712178
-0.9301182569662796,-0.2005820225925407,-0.706519954474063,0.372468937871716,-0.8708639724707681,1.1696902657746515,1.0022226961247038,0.7064675412054336,-0.6429078955829214,0.481115345572477,0.0247122796396093,0.6294752963641039,-0.0949471717243425,0.0005776601690906,-0.2955957814401837,0.2509315365045797,-0.1855336820455888,-0.6818282923791809,0.3747941335254855,0.7156033064645088
-1.8591681151249773,0.5957400007803346,0.2662803154572482,0.2785613163577685,0.1342236364222416,0.0494984851822491,0.0345110970056271,0.76361180122465,-0.4595809972270887,-0.5317195357300453,0.5897040213525632,-0.5403104930483719,-0.6712412786212584,0.6627103737233376,0.3000102060389522,0.3206736571954739,0.1759149473516984,-0.1318584357168251,-0.3077868741500699,-0.3288042231639997
-1.1449228973315797,-0.674971253463044,-0.1066235409049608,0.3836087983766014,-0.219962316728423,-0.7050919340822797,-1.0961774737355787,-0.1553960070363277,0.175230095260353,0.0873756710968119,0.8558918052013024,0.4305558260124317,-0.2152463063400002,-0.4033944615135302,0.4790859026965871,-0.0755818619851731,-0.087419820795181,-0.1202064235648112,-0.0550119375877605,-0.2556249314453648
0.4168862947245701,0.1694600329497244,0.1812531374711697,-0.6486302871695641,0.0636979071130659,0.2537113291736351,-0.3331256620190433,0.8379468419182713,-0.0921419466536297,0.1684508194646692,0.4341250537683566,0.6204360003000787,-0.8905580516415286,-0.4588959064611924,-0.947073516753482,1.41188981433812,-0.2411488195142697,-0.0157142448601249,-0.0092266085520787,-0.1850715011762726
1.1743359794578736,-0.1157149937113486,-0.1233518295182732,-0.5123686510283368,0.3355422792848077,-0.3165099391137227,0.7452692840779505,0.7130831974327869,-0.6032720203504947,-0.0528581671756039,0.1475804801474396,-0.0043152218902179,0.6254540564693281,0.7740311848712371,-0.2382579043889348,-0.4408324593531305,0.3036357426196372,0.0057763472440351,0.2297897037944235,-0.4848451330218348
-1.851189746637229,-0.0036668728211744,0.2526466182353036,0.5086022782516031,-0.0521655734874851,0.0217143102969437,-0.4755329074498096,-0.0437583117031595,-0.8556737104293808,0.238138107652666,0.6921009781063691,-0.1096365049668417,-0.5789082265812244,0.7329604232587158,-0.0345238172396731,-0.3777692832563287,-0.5105440926596878,-0.7107982995887007,-0.2806062763106069,-0.2755888235743341
-0.223045876247151,-2.1630730560583538,-0.3757964503726561,-0.7311561747077209,1.5028433823437473,1.535713908066702,-1.37288771943367,-0.1702442242643343,0.8353294207430578,1.0007618204496498,-0.6640373937035392,0.0135651839304162,0.2497809714182828,-0.1451751778124436,0.0014177474648841,-0.1667411415019507,0.2241243616989321,-0.1691238735077531,-0.3607572056213647,0.0129348875037848
-2.048062629965982,0.854003943414006,0.1978101297414815,0.2574478431072171,0.2929822508702946,-0.1069466200264859,0.0285378917438411,0.7172902388247482,-0.1170025994727098,0.8613445219545146,-0.1029406742587528,0.1279013873983346,-0.0204193221803583,-0.324769680580291,0.1089455591964628,0.242218880247584,0.3048390520097894,0.199624351790781,-0.2099264246844929,-0.0612581258258325
-0.6938784153843691,-0.0607746811885017,0.8343886539517196,-1.311951348303261,0.0750866117689217,-0.8093845569724591,0.6368874042846535,-1.047396431431232,-0.0357048692556867,0.2106916777237646,0.1502933087479596,-0.1242036082733741,0.1355419610106971,-0.5882682153544332,0.1230220431747834,-0.3886687452509413,0.0296020860276798,-0.1475543463459399,0.2237915333523689,-0.0683850583546692
-0.3700342927617303,-1.0914171588065624,0.3706925184812598,0.0186069252912156,0.2819452339605841,-1.3474000262724584,0.5691638957646591,-0.2366198437980139,0.6430471664105608,-0.1021574001253884,0.1841485128504389,0.7566885893771607,-0.304184953798032,0.4519428390081528,0.202458020655926,-0.1839990621323627,0.0379537496842081,-0.0920944841223292,0.1266691225421632,-0.0859513443171428
-1.0627801334929463,0.7324919938901937,-1.8616047984259216,-0.1321043282081431,0.2321303847066239,0.8462889736357937,0.0262655047301411,-0.660482159113444,-0.3489603677387988,0.4462594513701832,-0.5563614859158272,-0.014989764715091,0.5319195043775385,0.2594531405580449,-0.2116585128976247,0.0062345204694314,0.5188209833424728,0.1864250471272257,0.2165721405867311,-0.4204125548220501
0.4323001937416599,-0.8359528229627002,-0.1395584957265832,-2.0170379065914577,0.2539290058849824,-0.2065468412398854,0.7808554258624434,-0.6571994339139585,0.2794392301754392,0.1408554292999994,-0.4179239353422168,-0.1212913715963769,-0.0312218602017338,-0.7082860307104867,0.1926692325731112,0.3796962420818732,0.0520414228626182,-0.0473846085202125,-0.3671778203011382,0.0188861895596829
0.1080044461603236,-0.0928993977373495,1.705559270518472,-0.6493654729203348,0.501815727229522,0.5086113578142574,0.6870570292326454,-0.5382738953546561,-0.0941633095855483,-0.3605272380394369,-0.3765769057168276,0.5586779827441083,-0.2785856407562896,-0.2682172471486229,0.3574432263353986,-0.5003214642016155,0.2219827062712241,0.3458927308359339,0.0368244377507848,-0.2231154157012829
-0.2990067846439192,2.674776294537894,2.349387607843791,1.6422384587191687,0.4935189580232909,1.4671855843940476,0.4986177897913118,-0.2707057299987491,0.185631779544782,0.3059483513671187,-0.3639093450305392,0.1193571835949637,0.7071253947856356,1.1894530804373944,0.9490667474370632,0.1066496466388298,-0.1190119352880046,0.2446240144932416,-0.1814434489077918,-0.1293017637858893
-3.567204897059427,0.0358077047813633,0.6151157468461992,1.1392836630318048,0.7676966778954786,0.3378044966780592,0.4581543004793137,-0.4602232824682645,0.6222471840824081,-0.6664102604750525,0.0571403148570099,-0.3344159262331973,-0.1315941708957314,0.693125875509943,-1.2448249386238075,0.1568737346513559,-0.1543710673623804,0.0817637499136249,0.1536969020911785,0.143567376391889
1.8420935459310557,-1.33074449131448,0.4761332115971682,-0.0038428882493814,-0.7659122198920304,0.518804120022005,0.1402840164265664,-0.1549092796830525,0.5622290337489813,-0.0445486611581899,0.1132825605188925,0.3368923879861321,-0.8604236018629856,-0.0051397929291316,0.2239166845876777,-0.6258287104054678,0.251675898444453,0.4152291502733032,0.2792392650885161,-0.1854513203470444
-0.9441001514124991,1.1311298882920806,-0.9885511436659952,-0.0736593507507506,-0.648210797665484,-0.2211127849887511,-1.35976367944691,0.0519972647889059,-0.5666891401390061,-0.3645328550797589,-0.0609361896189,-0.0187222125898268,1.0347520820547054,0.0825123716863618,-0.1036675137082481,-0.0727762581457635,0.0998487875507053,0.3059244198928457,-0.0244242639396798,0.3401979650372191
2.5798632022633967,0.2418844892334448,-0.4250091210251513,1.1041269042970605,0.7305604327197496,0.0292264076728506,0.6180489031033252,-0.3887435522865388,0.375118692788428,0.0081912914758814,0.2395617916403734,0.3235767609466712,0.3185359788704554,0.2440253919986648,0.1089588193549729,0.3413161673025512,0.010628651945753,0.3647257129884889,-0.2532137444092223,-0.1362686164512214
-1.3090648544606125,0.22501180458739,-0.428249070997004,0.1933427722950147,0.0336957950246999,-0.5508556250516489,-0.1028768777304547,-0.1011969908253209,-0.4539295991993554,0.8624219246273344,0.329460908580884,-0.8421286559398915,0.0344638801989421,0.5267693494938802,0.4206692541172576,0.2015478183057776,-0.7717347022326977,0.5076169875209078,0.0851778172386436,-0.1767822231503864
1.171187130498177,1.3102737976146264,-0.0312049575318142,0.1898528077780375,1.4013892511478765,0.1754187433936453,0.7200727281481221,-0.347772554551071,0.3956640991832078,-0.1333546537741702,0.1849955646290018,0.6450509752219961,-0.1841439793411646,0.1858529954796744,0.1854605531256432,-0.3375304888630138,0.5207199383182864,-0.1990410512221854,0.0825478742366798,-0.1673899108122308
-2.147817318497225,0.0559143002599914,0.899999561381751,-0.2319800018879491,0.4524395642643942,-0.0925969656604626,0.1050551955377848,-0.0717637155038386,0.177279711829643,-0.5357548159926636,-0.2758544977534083,-0.4704607533503085,0.2318138216828555,0.4812791147600814,0.2714884343294695,0.9925744521686912,-0.1910542158098307,-0.6499039317898804,0.8900825725707303,0.7928263236772953
-0.8008252220219063,0.1447744712074709,-0.5170942128987679,-0.3744284377980611,-0.4608376833928085,-0.1088044152661253,-0.2394981121403755,1.235250026616986,-0.3039223398616246,0.2960431909154392,0.3460050116294066,0.8821733592259412,-0.5434652943896242,-0.0187157318158066,0.7076594744080058,0.0622989628340817,0.1564496384210344,0.3723176020916336,-0.039918034888888,0.4946004886002787
1.8452182411538676,0.2246341872228792,-2.146140868424141,-1.788293024416731,0.5604075019695379,-0.1077663968856759,0.1780731953410774,-0.5637605725778612,-0.166918909878803,0.1588862629338883,-0.0862072068919427,0.2398565109394794,0.4009852588171096,0.256395355682368,-0.1903971758484332,0.550856361148332,0.237303102308227,-0.2331020540147941,-0.4272044193296369,-0.4273264269057549
0.1496461586781864,0.8621266315967077,-1.175726740189312,0.704393275103292,-1.0693015934520136,0.2732746581837968,0.2697217172739609,-0.2487019051694103,-0.1224757221093443,-0.4106815992908742,0.5315083588016813,0.4414949834083581,-0.3458853768529167,-0.604283007535098,0.6462155286518201,-0.2132759610596682,-0.4941039619755027,-0.1709053893090208,-0.1545807710365815,-0.2216066679910524
0.5114275069884234,2.0872206192289986,1.3356003427235144,-0.7418544198756254,0.4830931870428968,-0.2633448475581616,-0.3900686892070967,-0.5273552639790018,0.2319646992310945,0.5546175816545136,0.1489728326250499,0.2587261578599662,0.9607651217527636,-0.0640999802265801,0.1416606298571133,0.1110096002012728,-0.0030222850647433,0.4446252175631214,-0.2265554630181557,-0.1774223718810018
-0.2953833741152677,0.3942112769681442,-0.0192138655568673,-0.9441521915993611,-0.3146381890283959,-0.4960069147361893,0.7472842668175759,0.9345108009407564,0.3406569250339769,-0.1401830749424409,-0.5181773132541959,-0.6229103750602779,-0.5378202213167836,0.6138258562690855,-0.1144640951790522,-0.3460641649082615,-0.4427252929754888,0.4711077332792301,0.0144654397973897,0.1157415111217279
-2.379919691208109,-0.2798236979413474,-0.0801137922563018,0.0255090757944495,-0.0139549621725195,0.0791954120074333,-0.4804193143710446,-0.3829563973310345,0.2154389252991291,0.5403191232118515,1.2184985119338785,0.6759645288535983,0.8230296293396678,0.2277275072407885,-0.139851071273195,0.4717785398215999,-0.1978139207218809,0.1697089810300945,0.4788323444272926,0.544642805042601
0.8045557639741218,0.8774571318373602,-0.3125044329938678,-1.146744380683409,0.6373079122349152,-1.0394327608193563,-0.1428419471681384,0.5598545567168405,0.8784712712390735,-0.4916837854407257,-0.7303376218262911,0.2613550485666669,0.3716764350862508,-0.1639821057234629,0.3180539739343121,-0.173025244922221,0.171706409464552,0.2317111828096424,-0.0827460337303126,-0.0111918695527649
0.0517353621699566,-1.271640077219419,0.6597963628219469,-1.5465949647248332,-0.4248530329668697,-0.474642059410112,0.3023219219115906,-0.5779022340683858,-0.7640422076892583,-0.4971887417484705,-0.9069926993795496,0.7577220630292644,-0.2672944210783727,-0.0306599122973945,0.4613623759828216,-0.6783834613790868,0.1676878532147709,-0.0287723410594289,0.0879248081380469,-0.015123022007292
1.0509540377826234,-1.1521430690265886,0.0733191557438004,-1.5104660354732615,-1.0690128478178826,-1.2377355639837295,-0.8608231928286524,-0.2585276319127648,0.2893599871797164,0.8419533195529733,0.3487592168598237,0.3353451362773872,0.7096354290009674,0.3816333233335219,-0.0111630065080083,-0.165869373737497,-0.1780189196989298,-0.0922128182939896,0.0323846791059594,-0.3057851389611148
-1.8941087549600848,0.220419690582611,1.2330794050103084,1.034483400597692,0.1692469229779475,0.7350354712640366,1.3648800764491156,0.4596083206682098,0.0007341862009,-0.2800307888922612,-0.0146758737983519,-0.1404197633406611,0.2189939337180607,-0.0537672623114874,-0.5839480085503898,-0.8310732373596442,0.2403233596516604,0.3111638441642945,0.2992820809139632,0.0920001447837808
-0.6960941685768945,-0.1333704742410685,0.5859527804406784,0.4854110284563975,-0.1239156553531346,-0.1375488457142639,0.4424180846448367,0.4757790203225264,-0.5411498489490038,-0.091353360815127,-0.1004825494320116,-0.879032342196752,0.235249114844719,-0.2682064956432486,0.5976277440840092,-0.2532713202910882,0.5958031503543885,-0.1393768707433899,0.3489911410001933,0.2843432770810433
0.9453897038758248,-0.0517917593233657,-0.1064424452730319,-0.2529627936919503,0.423057123711158,-0.1986403460193616,1.2205163084437154,0.3221388607638785,-0.1783729202772661,0.3443499279812828,-0.3693187233304359,0.0436277126642797,-0.296508234212083,-0.5110420920716853,-0.0224500894105973,-0.0373541752333938,-0.3171160489320238,0.2841327340079007,-0.3277423938553201,0.0550166244957421
1.9511943683226185,-0.8794838234679911,-0.934789837797786,0.8263761258916553,0.5652616884257294,-1.3893712817515598,0.9283318474747276,0.4690577567923575,-0.1141154404671842,0.2396909399030194,0.2652423551212129,0.0650803581408622,-0.5661467398481845,-0.2428415220463541,0.0826430621058806,0.1678231838775084,-0.1845292025492672,-0.0299283761053695,-0.2473709291747824,-0.0038245742612569
1.170755821596073,2.737638262102316,1.667282075025432,0.1974538789022053,-1.1946940120600655,0.4729711809326529,0.9003840704855754,-0.6834565166273443,0.0700059717010877,0.3437442948543842,0.0048000979120369,-0.2724496875767047,0.3306210158336247,-0.6834025923784948,-0.0288693294452491,-0.1021996080178079,-0.0446470361583444,-0.2804957418906266,-0.4298980307937899,0.1324492970215917
-0.1099441157312009,2.333659425732119,-0.1821278877473717,-0.6898921570538458,-0.1528374475031221,-0.7786496630453444,0.6110197243120151,-0.8299996454886401,-0.1121218946770954,0.1094816786809824,0.016665151097627,-0.1112984972096585,0.0012826782498245,-0.5219348697977643,-0.0681573919217718,-0.3644188151162798,0.1974317236701578,-0.1063257965341634,0.2082481418588703,-0.0904070152447795
0.7449148537859409,-0.7190657546651628,-0.0287475746921537,1.7247270281760052,-0.9757676407583236,0.0661636634895253,0.6035707469880592,1.146650577691362,0.2066464118012916,0.2238196799467033,0.2885063837961754,-0.7070271073491237,-0.1944770702948558,0.0367320380962253,0.4800807116826429,-0.4311783911786607,0.3946230093759028,0.0055272221445303,0.4468217952806282,-0.0508683208760991
2.534360446453229,0.4900035074272563,-1.032768523710758,-0.5376864075575276,0.058069069867459,0.2272280755759924,-1.017439698379203,-0.8782681590958887,-0.8951577938111714,-0.0442218553701072,0.5270014514379852,0.1467246447658045,0.0524397881316118,0.4255611831758705,-0.0682439047875903,-0.3745449157065793,0.3700338135378617,0.1836760797268482,0.162697080537793,0.6084993624882208
1.607307262879401,-0.7960367222104293,-1.923115704612763,0.6513039971031853,-0.818915107444014,0.513927894569031,0.14685504053459,-0.0892904747516395,0.1157286953706921,0.3789661730597113,-0.2893620453293579,0.1646204173761432,0.4807071060734572,0.3507870512773071,0.4882221818997099,0.2153128584837134,-0.0848995810230802,-0.0575740108779598,-0.1318417936910131,-0.2898894908719513
0.6334641064751255,-0.6829649473213806,-0.1079882893240567,-0.5900719817172767,1.807422489347015,-0.1537447511623279,0.9570284527335572,0.5197641389461144,-0.0666472405546241,-0.6336940310734306,-0.3183043263349977,-0.1889544863758519,0.1695921821866006,-0.6052293327184418,-0.294641634408964,0.1831578960939802,-0.5033772941511816,-0.1801283492235719,0.3493076158585557,0.1117241339868684
-0.4993223839165324,0.8759929663863361,-0.6148859394708613,-0.1114097007227167,0.3323228285076113,0.1051111329282599,-0.6857096751674872,0.0334712092452866,0.6347636443914177,0.652829933659067,-0.7160950763673041,0.0469245754725235,0.0988898369723755,-0.4160287566832099,0.4610279548830878,0.3372031546946753,0.3388538904209233,0.1793714457910262,-0.1417879099551922,0.0243894135859126
-0.5055891248245623,-0.592800946849772,2.0982107285351894,0.409665505829971,0.2206807100277568,-0.9263044809074132,-0.0766765353862615,-0.511424287280589,0.3690363697686495,0.4826468107898272,-0.0869932483179436,0.435562981283315,0.7998737698525578,0.2239858153350234,-0.0658967911215153,0.380760473601435,0.3404158856166271,0.6419062097827606,-0.1462862152115478,-0.1672896192845979
-1.350459165380948,1.9486600265113616,-0.9617167838224584,0.0327561838916041,0.0399150341500318,-0.4154700403352912,0.0912992883357276,-0.2650014174778041,0.2583621691513897,0.1458740304028312,-0.5447240193521989,-0.3279558227176967,-0.3994192115702211,0.4729023428278666,0.6015719066895817,0.3707305949769851,0.053853435544453,-0.1497001962990407,-0.0829912764523515,-0.0414823049453543
-2.1182408292097548,-0.848243391525509,-0.7897349774608643,-0.1342815672416306,0.0148521285789235,0.2934255692470528,0.6749483317089283,-0.3867707437594985,-0.1610585899795982,0.1477683712821417,-0.7298232405043955,0.523256812793611,0.1930498267071305,0.0045587447773989,0.1078885075363024,-0.6584267366806051,0.0960541362700331,-0.3299867862942778,0.3298704906378841,-0.17263329649314
-1.0101099456764526,0.5265377851212947,0.5797720020181826,1.1959367680652744,1.4652181815457377,1.381295777022039,-0.431378237827425,0.6648273852224192,-0.2871679694419113,-0.2081556247621299,0.1110352625108409,-0.7450658203568367,-0.3093819495224404,-0.0937466883780701,-0.2047979426520767,-0.0515153539334476,0.3781955104739909,0.3582116176276702,-0.311593632720254,-0.1782151415338192
-0.8939230822432347,-0.9628544676944024,0.607730155315487,0.1467562666089684,-0.456712483098144,-0.1281348655251233,-1.2429798403505965,0.2799848407050561,-0.372495716409947,-0.3347677641396316,-0.7780585549836244,0.0812160308684267,0.8843519095079848,0.0791305329374823,-0.2091913299068001,0.8397634382236144,-0.1862643483211367,-0.0057076257718373,0.8345082549940499,-0.4689009701013768
-0.6573968524836828,-0.2415881802284625,0.8356890560249055,-0.5941112158068597,0.0520849094325043,-0.2020201334103074,1.5326697239041165,-0.6806588440533085,-0.1143587621732599,-0.1761522170585619,-0.2317394820738565,0.6572224579592828,0.751038548295889,-0.0579544489940613,0.0771508417427015,0.2180107077853605,-0.2923532488729782,0.5263031836236349,-0.1555976631852586,-0.1577606126769641
-1.0059277456943898,1.9519716804061755,0.0298434976677608,-0.0001446291745349,-0.4010631973616607,0.000210829685691,-1.053185341894585,0.201563540918218,-0.2111888569026575,-0.5806557315155588,0.1176238594389136,-0.0617501524118879,0.8146517880111145,-0.3918746484979469,0.2250151755303212,0.4649677411574676,-0.205560339470904,0.3852352069854485,0.6007700863336461,-0.393084810616795
-0.5226230162583575,-0.7101555200114771,0.0257855581246759,0.1829312221868156,1.6020902919060238,0.7872442354738121,0.0236922094359349,-0.0437409514569782,-0.0405612859631437,-0.9655788406609932,-0.2574835532176155,-0.1214513441152337,0.1179259565592446,-0.3706346583478148,0.6807271118474068,-0.4758116809897387,0.225947492094427,0.1269515771919367,0.1952372269877755,-0.2734938454855756
2.217748657886335,-0.880426984371095,-0.8360448142196769,0.63270020708997,0.8991281426400826,-0.2542558433168348,0.726889238796026,0.8877261618377895,0.2627215163108544,-0.227028390473948,0.3457502540103927,-0.5015797381367766,-0.2676254853629622,-0.2163408093852198,-0.2739122948293547,-0.068773595403913,-0.0772852634412364,0.0444301543864371,-0.2705898237710927,0.0882056847227739
-1.9097976414494524,1.284861080951314,-1.0956237544405962,0.2516814272064423,-0.2530169377945202,0.2318184344965245,0.0029370198685277,0.0393328058124908,0.6549662804604817,-0.3897920683546427,-0.446994863448156,-0.8209371793105854,-0.2177499521180842,0.4963347920329737,0.0166235525568199,0.1461291685913555,0.1302978942075213,0.0607188634025654,-0.0221158370842308,0.054921610003404
-1.6814929599151889,-0.9862285318029512,-0.6094710441942446,-0.5346939435776248,-0.3351563014616016,0.2302360633472972,0.439086996113349,-0.5548814532742066,0.2674396278096549,0.402184462624767,-0.3115968079544789,-0.2351051839009428,-0.1394092512532889,-0.4600451243928717,0.3957502542518477,-0.0404072756551422,0.4331238029139405,0.0780901708239106,0.3536348245828344,-0.0940224009272138
2.279965795242193,0.1131833585727413,0.4830446584294592,-0.428950918564102,1.9696917988815392,-0.0010860686372706,-0.2942335718474063,1.0239083105957276,0.5220236705956605,0.7689344238711622,0.2634234795451684,0.502502071035973,-0.2555524489756408,0.1331804456351802,0.3416826502485611,-0.1773029746092416,0.0741017685228837,0.0824544791089908,-0.3095357691363746,-0.0453353293504344
-2.036221886385007,-0.4733398645859462,0.2904348891105378,1.0819109061485268,0.1611294881169142,-0.2501830546613413,-0.2495534539912393,-0.8361071857217391,0.4061537553788253,0.3843115419950689,0.1910082585717621,-0.5737556439185749,-0.2155182005686825,0.2663913638821162,0.2117169317777019,-0.2018329304402363,-0.6030454797393809,-0.1337563634714036,0.0354555187133059,0.1440589966917647
-0.8625477451676149,-0.6387895908798278,0.4248267466215153,0.0546891266194167,0.4838273596124099,0.4817400171194552,-0.377949473154769,-0.6161580871528909,-0.0681878558898336,0.6153466411843228,-0.5578141136444129,-0.3480891862126713,0.5374459434085976,1.1431784857647047,0.3771315091426523,0.2257322697189404,-0.1422476265277693,-0.1085838419486538,-0.1506428274555814,-0.2439462785608858
-0.1177124425951306,-0.7477373377471158,1.236574922073956,-0.8136869844252894,0.4930686917547298,0.5503812520414422,1.075581541175781,-0.2726153015143265,-0.1126325188167325,-0.6334181819444554,-0.5854153751752139,0.269238276421921,0.9354537264610844,-0.0302230901477877,-0.3239604913748387,-0.2968202615206946,0.109682300278373,-0.5151603496441557,-0.4307246001854072,0.8285444110798565
2.5611799734077905,-0.1341121786325028,-0.6089267315376389,-0.2300906190059985,-1.7275887065869655,1.416173812047461,0.4868878685355716,-0.1538352901093186,0.3858681890918105,0.5467997541238563,-0.2228663727601193,0.4256843500032213,0.3770252598245583,0.6107221187068419,-0.4226684117862447,-0.0951163179176362,0.1004837053342663,0.3899086838860363,-0.1108123820374659,0.6709126716705311
0.0504959678215331,2.1604511005206084,-1.1251826749281868,-0.3203100343342798,-0.2711893583526823,-0.9069317904588028,0.7628794325151993,-0.7740295645606575,-0.1090061370137269,-0.0869573358425201,0.0325682072455696,-0.0916403025477738,0.0006155002572113,-0.8022930103363913,-0.3773398159637467,0.0129238710173953,-0.2618774485668757,-0.1336092514426229,-0.2392121363451344,0.0476354024287244
-1.8957432902943945,0.0349446035293805,-0.8558329194720573,-0.5732973369342894,-0.0737054101924853,-0.1480543058823143,-0.1867258858170896,0.7820451613405521,0.1207844714921926,0.932428482766789,-0.216075375160027,0.0628366814448439,-0.2942331321584384,-0.4223655732647999,-0.084291293591964,0.5219888819477673,-0.0332282431693051,0.2754469964100992,0.1971571293949851,-0.0937959736073194
-0.7015197955444388,0.3708126248265973,-0.403812855010784,-0.0736140794977253,0.5949561297458763,0.8167409349625565,1.1978755072813043,0.4714058642324609,-0.3875801220472761,0.413278570796066,-0.2771740567228214,0.0679088698764453,-0.0179816835451944,-0.5951477418930796,0.5165528603638915,0.078157448895227,-0.2976125668238159,0.0321357683068532,-0.3085886071871596,-0.0168381800758188
-2.259325533241109,0.404725729536489,0.8581105663272564,0.5375649109554704,0.2372838318818315,0.1803291840334392,0.0018037408471903,0.9656713913785334,0.1948985019487574,0.1993336528960909,0.0105829251552882,-0.3137984064208646,0.4764118969751326,-0.2265558893135121,-0.1442648508987839,-0.0509464266813982,0.3788717312541722,0.0698848747839646,-0.0921811039535036,0.0592229128367057
-2.218135630920051,-0.0343383813567321,0.289932564152569,0.0266149285500637,0.3876091045487818,0.0282507881250731,0.154436723900703,-0.328244330443195,-0.7407110247419162,-1.16531308597196,-0.0600536141585617,-0.1772942492305432,0.076063322126881,-0.3945921999291549,0.5087861655177761,-0.1107085025348404,0.678515308064181,0.0100991111691112,0.1803329672156663,0.0086875055508719
-2.1951204938319724,-0.4814109022144917,0.5362355275492073,-0.2924548806134226,0.5016610494354754,-0.3102389286041268,-0.0555890650579242,-0.590718828263867,-0.5112189895218059,-0.2951334338330582,0.686153674553883,0.5720778978583012,0.1846963109619222,0.5343660787128912,0.6132116557315723,0.8544938791942078,0.5472101671149003,0.1439980616025892,-0.055803932007792,-0.684892152427883
-0.4658225689258821,2.189356628882243,-0.6363462920793805,0.5852118200249266,-0.2663417062656821,-0.6183776625691652,-0.3251139706786011,-0.4357438141245536,0.2343794994117556,0.3254066748347244,-0.1136147060885335,-0.6006947917990239,-0.2652070620837877,0.2721490561515369,0.4924233768605096,0.2413102816588959,-0.653214787712923,-0.4312410009829585,0.3242143299233314,-0.0041343524181864
-0.6921500511262063,-0.2130924006424434,0.3615899941692196,0.4092649405177048,0.4946705046291733,0.6167829692470872,-0.1633204399503229,0.8798590661542106,-0.2077340434049324,0.8697984047953936,0.2176856124010718,0.884509222660039,0.8173021491500237,0.819340676117757,0.1731590928932611,-0.2500650724368525,-0.0363166981390669,-0.0507318031652889,-0.0475528364068327,-0.3195780611205395
3.4963987515032557,0.4927907351662043,0.0492354484852225,-0.3592106151122347,0.2767091654965568,1.594233499984984,-0.070530717576775,-0.3398202874810585,0.4932997662153195,0.6073546860603222,-0.2075630255595335,-0.1558204356012267,-0.0176332437254174,0.0274963162249803,-0.218905595159549,0.0394012682937661,0.4905833856831205,-0.7317980274469964,-0.70958608557272,-0.0402241873478346
-0.5780526882775009,1.201668317149829,-1.1280358697025004,1.4649031552622662,0.5096605605017176,-0.0109927769086974,-0.77278669729876,0.0955459821138573,0.7283078591798651,0.5204485645506877,-0.3742589919953839,0.0885177878964713,-0.0623624362010101,-0.2502876487320352,-0.0247941847498109,0.1373812175989603,0.4285698508343714,0.2374550964772033,-0.0846824399069638,0.0398221762913479
0.4980432282679619,1.3111083936898258,-0.5753293091878566,-1.1646373921606994,-0.3857568102191499,-0.9740049238167214,0.7420155823654084,-0.4252026273260162,0.165955149591206,0.0274254550792739,0.1309123060140579,0.2420633315202592,-0.3312829904622479,-0.041797380731891,0.285546184895849,0.171537315366355,0.8326910688706084,-0.3024652541807032,0.1475491549892278,-0.279468187364674
0.7111941486700704,-0.3033349692125414,-0.2994493376403004,-0.3924142339406414,0.1022815469041421,0.2244945726863466,0.2612157719890894,0.2240028945459749,-0.9788137066413308,-0.0260499831565553,0.1291370657221988,0.4023868968522505,-0.7705081800666861,-0.2636956303338458,-1.0065572275940553,0.8360844801554472,-0.1999055817249982,-0.6726603065972292,0.2000690009077571,-0.3965318689074175
-0.1894019427384706,-0.78642596366139,-1.1452648787177877,-1.0130525785304894,2.144412229738623,1.4781389721573608,0.2327759072103356,0.6072828933200835,-0.2392893811432324,-0.100775972008509,-0.0795795365508446,-0.3835308889283884,0.7029976790548488,-0.0117845389914372,0.2587774804374629,0.0957793760873115,-0.1176541044090562,0.5113684401392663,1.1459814044866083,0.6203609266568297
-0.5859537250599336,0.2039035280885048,1.365677000574839,-0.6919166551079735,-0.2518966988192493,-0.1893310173269884,0.3736107536502434,-0.7325650808333994,-0.2503997600332877,-0.358319956260189,-0.1828002989938241,0.0606162090577514,-0.0152419120392577,0.559352844945192,0.0596332635146014,0.8318737584158759,-0.5153519991787837,0.6291792812059138,-0.7509014592939174,-0.2185716385544555
-0.5777306425338643,-2.0408547709406277,-1.550780456930876,1.2345031941083864,-0.1253070203059183,-1.0131940648793272,0.3372712381727811,-0.2200685982847737,0.1257173597208516,-0.5019549361201845,0.6103724327462898,-0.5550973109948449,0.6729925734950739,-0.0262353547356672,0.1379452876430299,0.7400149361666621,0.202567558661099,0.084019731801969,0.0537835905812159,-0.2360147603899557
2.00450997089951,-1.8249798929096648,1.1453902592359817,0.1228915087285101,-0.8650179038562269,-1.0230639356478988,0.7333860993233178,-0.5979249051570166,-0.2940709132599334,0.3787830249955005,-1.0737706588049356,0.0892763817912778,0.8988853707366912,0.1065634447473776,0.3566799220148063,0.1449238510021223,-0.3689215374030179,0.092320559402421,-0.1807954920498177,-0.1109936475410028
-1.0933668330444186,0.3690638963894572,0.5804686474801737,1.713207258056802,-0.1749878904109363,0.3863662342810277,0.2948933455977185,0.1131286705281508,-0.845611575248955,0.3336321531787821,0.020076613927463,-0.3189351118983266,-0.632131163429892,-0.4277162458115678,0.1016767651172403,-0.0473760577127763,0.5333268181565204,0.3656658032726415,0.0353455412266369,-0.3036912644257575
-0.2957281791372663,0.6228305810619575,1.764430008176553,-0.0795997390308877,0.0753713530292749,-0.8527048473668909,0.3226998640924934,0.2543163572862228,-0.0294527884409821,0.0547815274898065,0.3350046639625663,-0.8399703927121801,0.3115919671412611,-0.1280700520889548,-0.2827786097970093,-0.5007996342038105,-0.1418625130776454,-0.1247659877533847,0.0189093775531334,0.1004444812181302
-0.2041793057058272,0.1671998197197126,-0.6368360941661005,-0.0234897306139478,1.0116830778461674,1.8084498663717337,0.8179504117772948,0.4465297683999265,-0.3965235194850704,0.5023165457884804,-0.181045185377419,0.1435070563316366,0.3153663887510927,-0.3306826323866552,-0.0497857600742072,0.8593886215740466,-0.8454506236793213,0.3808969582464132,0.7236987475096724,-0.1794208817476542
-3.018359767101395,-0.1721802862875191,0.0041178367849848,0.887768123220038,0.7226080029613853,-0.4178783265390579,0.0916285983397392,-1.0884813093147807,0.3839780296557096,0.0544617880112417,0.3569576846561939,-0.2060603262946991,-0.3725634983039912,0.3436573617228498,-0.7234546253133012,-0.3333477883921987,-0.6221885455532603,0.1287463936344167,-0.0422276642133237,0.2009229793580511
1.127565538291161,-0.4327350179486367,-0.2616676069545421,-0.6672694633281507,-0.1624686135252449,0.0973339655253586,0.5719514873166762,-0.1482110557085432,-0.9890017556215196,0.9113891968177176,-0.5467451308163406,-0.323470324784586,0.4803387894995506,0.0220082918346296,-0.622399572798064,0.4687381785607793,0.0430645467111697,0.4213786772949944,-0.3532500403278488,0.6737584007856315
-0.8415361054755156,-0.8827832197832662,0.0896480849561988,0.2594999184916459,-0.2983330698899291,0.0717585641160781,0.6645520599034773,-0.3577312508205599,0.1039580416548275,0.0409083210671882,0.312393992262398,0.220718613058343,0.0303967406038374,-0.4919814002533207,0.4632133980834896,0.914332057139278,0.0856971904184098,-0.8293312314369734,0.363849378603548,-0.1019330125088486
0.2402865925107372,-0.906377607197927,0.4418706891951801,-1.6516847228070146,-1.0161377418497697,-0.0117339571137445,0.0473253037182925,-1.0111628837848226,-1.066680172756682,-0.3328961448286572,0.6185036661029217,0.5780844522082524,0.3779793782526455,0.0325336318176091,-0.1981759841606127,0.2909236318892458,-0.4957374290597452,-0.2648404556673347,-0.0930077493033576,-0.2009691716496757
0.8171537898022357,0.7855812565153621,-0.3598855911112823,-2.3785550761567844,0.0215388726934223,-0.6245972844762289,-1.1627834993192026,-0.2310622711427151,0.2616760212756203,-0.0116154177056422,-0.3277571206640942,0.2981365794892809,-0.4210921978863872,-0.903808137204659,0.2266516869568438,0.3271839653230526,-0.3450283368157117,0.1894791220897076,0.3382843999882581,-0.1778531852394164
0.1364941821300621,-1.1314908948238134,0.3796678192207173,2.4177352646395454,-0.5226902263082583,-0.719259448699681,-0.8059621307537107,1.2029072597515438,0.1944629936531241,0.5140188815006189,0.197914937787087,-0.4865316393338195,0.3379905323720074,0.3738066454075092,-0.3031515787582513,-0.2049146190697117,0.5432775676644477,-0.618809853550117,-0.0864310363886324,-0.003212048663219
1.7498756308948702,0.3724075541254172,-0.2382345159294163,-0.4226337075952437,-1.1965220658239042,1.2039119726215397,0.348800726561793,-0.1453305980435713,0.2654748045488232,-0.0803068896791076,0.033964441664839,-0.4004607756719365,0.7047221893990804,0.475113107355687,-0.8897778423920204,0.3588128867264636,0.6637181840172678,-0.101581679196865,-0.3829145211828248,-0.2658943292110493
0.8311648760196081,-2.535305320296664,0.6044646258479489,-0.8095963418839619,-0.4178921019253302,0.655405139640522,0.5024736149309182,-0.0976518715163095,0.6001491073293311,-0.9773010029859168,0.2256591920257901,0.1460896206761884,-0.2527963294244013,-0.3443185935439531,0.0566370406681671,-0.1263534067575744,-0.0399053539606435,0.1987477602862767,-0.3603490764837731,-0.130748307960924
-0.1249774785359539,-1.2032078415384946,0.2560963880298241,0.4631699488995316,-1.195498098095552,0.9165691158828138,0.9496392808552332,-0.0410366991713675,0.6129641304727219,0.2622489141246518,0.1646059644584936,0.3422020868651246,0.0104787524487441,-0.2364328885041415,0.7102746704065506,-0.0200377820356724,-0.0897542371471066,-0.2738134100227635,-0.0861880854591638,0.0245880918662597
0.2578277643460118,2.399359412489208,0.4132612131759027,-0.7348153395704182,-0.5234624807698529,-0.6375572511406216,-0.3981651724521853,0.1009442419425637,0.1249837916646569,-0.0886771905758509,-0.5212348957829797,0.5343680496868808,-0.3606834392499143,-0.320993584294071,0.0437386876269019,0.1835729413967162,0.5111511625271503,0.4210631056026019,-0.3327631952849724,-0.2107126406559733
-1.1989930374849562,0.1721434319978927,0.555773537038867,-0.4796951267522381,0.6992939902677101,-1.3075740941307914,0.5963161255673597,-0.0778542079677052,-0.1154594250771946,0.3109955973545099,-0.2044220113300413,-0.3270857323821207,-0.6023039693344588,0.5528842229598924,-0.1459669011535732,0.1519051137688881,-0.1847503702241218,0.0667797068183487,-0.1710498124912753,0.0552846931143449
-0.1917370171552699,-2.5709052338656493,-0.970804340692185,1.1880198959217447,-0.9029970983885064,0.0219231999830349,0.601657382323332,0.2289209615212559,0.8394358703433017,-0.4481757364606213,0.2036482908240705,-0.3151537026529132,0.0697726772417556,-0.2943509874797603,0.2879226229424727,-0.0282507546416837,-0.0768257854003482,-0.1178476410157761,0.0580391775148561,0.1077576016959958
-2.14991078006022,0.1401733541174584,0.6369023338219056,0.7151508224896103,0.1815098947711446,0.5599703133734214,0.8808305464470639,-0.040770956243784,-0.3756242868359036,0.6276248528121297,0.0376767773427631,-0.2593684496293965,-0.0717758825949376,-0.3121266193131914,0.0315624057603632,-0.1577858988185569,0.4723182738099762,0.0066892209111464,0.2040638155732387,-0.0589181549806395
-0.5172498121096231,0.3307955668821206,0.2481590251157271,0.3913844878180368,-0.3698217310124736,-0.3589321218430124,-0.6401565565895462,0.4433565826718609,-0.970910366203204,-0.417807834159768,1.0713061307465686,-0.8364020583508446,-0.0615076477723782,0.8329525317901605,0.7455966372179519,0.1214291016738557,-0.4123290169034965,0.3053114739196467,-0.0060649637301768,-0.1038713015021441
